2025-07-24 00:41:38 [main] INFO  o.e.t.ProyectoSpringBootOO2Application - Starting ProyectoSpringBootOO2Application using Java 17.0.4.1 with PID 7348 (B:\UNLA\3º Año\- Orientación a Objetos 2\Spring\ProyectoSpringBootOO2\target\classes started by Franco in B:\UNLA\3º Año\- Orientación a Objetos 2\Spring\ProyectoSpringBootOO2)
2025-07-24 00:41:38 [main] INFO  o.e.t.ProyectoSpringBootOO2Application - No active profile set, falling back to 1 default profile: "default"
2025-07-24 00:41:39 [main] INFO  o.s.d.r.c.RepositoryConfigurationDelegate - Bootstrapping Spring Data JPA repositories in DEFAULT mode.
2025-07-24 00:41:39 [main] INFO  o.s.d.r.c.RepositoryConfigurationDelegate - Finished Spring Data repository scanning in 97 ms. Found 8 JPA repository interfaces.
2025-07-24 00:41:40 [main] INFO  o.s.b.w.e.tomcat.TomcatWebServer - Tomcat initialized with port 8081 (http)
2025-07-24 00:41:40 [main] INFO  o.a.catalina.core.StandardService - Starting service [Tomcat]
2025-07-24 00:41:40 [main] INFO  o.a.catalina.core.StandardEngine - Starting Servlet engine: [Apache Tomcat/10.1.41]
2025-07-24 00:41:40 [main] INFO  o.a.c.c.C.[Tomcat].[localhost].[/] - Initializing Spring embedded WebApplicationContext
2025-07-24 00:41:40 [main] INFO  o.s.b.w.s.c.ServletWebServerApplicationContext - Root WebApplicationContext: initialization completed in 1837 ms
2025-07-24 00:41:40 [main] INFO  o.s.o.j.p.SpringPersistenceUnitInfo - No LoadTimeWeaver setup: ignoring JPA class transformer
2025-07-24 00:41:40 [main] INFO  com.zaxxer.hikari.HikariDataSource - HikariPool-1 - Starting...
2025-07-24 00:41:41 [main] INFO  com.zaxxer.hikari.pool.HikariPool - HikariPool-1 - Added connection com.mysql.cj.jdbc.ConnectionImpl@1450ffa3
2025-07-24 00:41:41 [main] INFO  com.zaxxer.hikari.HikariDataSource - HikariPool-1 - Start completed.
2025-07-24 00:41:42 [main] INFO  o.s.o.j.LocalContainerEntityManagerFactoryBean - Initialized JPA EntityManagerFactory for persistence unit 'default'
2025-07-24 00:41:42 [main] INFO  o.s.d.j.r.query.QueryEnhancerFactory - Hibernate is in classpath; If applicable, HQL parser will be used.
2025-07-24 00:41:43 [main] WARN  o.s.b.a.o.j.JpaBaseConfiguration$JpaWebConfiguration - spring.jpa.open-in-view is enabled by default. Therefore, database queries may be performed during view rendering. Explicitly configure spring.jpa.open-in-view to disable this warning
2025-07-24 00:41:43 [main] INFO  o.s.s.c.a.a.c.InitializeUserDetailsBeanManagerConfigurer$InitializeUserDetailsManagerConfigurer - Global AuthenticationManager configured with UserDetailsService bean with name customUserDetailsService
2025-07-24 00:41:43 [main] DEBUG o.s.w.s.m.m.a.RequestMappingHandlerMapping - 73 mappings in 'requestMappingHandlerMapping'
2025-07-24 00:41:43 [main] DEBUG o.s.w.s.h.SimpleUrlHandlerMapping - Patterns [/webjars/**, /**] in 'resourceHandlerMapping'
2025-07-24 00:41:43 [main] DEBUG o.s.w.s.m.m.a.RequestMappingHandlerAdapter - ControllerAdvice beans: 0 @ModelAttribute, 0 @InitBinder, 1 RequestBodyAdvice, 1 ResponseBodyAdvice
2025-07-24 00:41:44 [main] DEBUG o.s.w.s.m.m.a.ExceptionHandlerExceptionResolver - ControllerAdvice beans: 1 @ExceptionHandler, 1 ResponseBodyAdvice
2025-07-24 00:41:44 [main] INFO  o.s.b.w.e.tomcat.TomcatWebServer - Tomcat started on port 8081 (http) with context path '/'
2025-07-24 00:41:44 [main] INFO  o.e.t.ProyectoSpringBootOO2Application - Started ProyectoSpringBootOO2Application in 6.461 seconds (process running for 6.849)
2025-07-24 00:41:49 [http-nio-8081-exec-1] INFO  o.a.c.c.C.[Tomcat].[localhost].[/] - Initializing Spring DispatcherServlet 'dispatcherServlet'
2025-07-24 00:41:49 [http-nio-8081-exec-1] INFO  o.s.web.servlet.DispatcherServlet - Initializing Servlet 'dispatcherServlet'
2025-07-24 00:41:49 [http-nio-8081-exec-1] DEBUG o.s.web.servlet.DispatcherServlet - Detected StandardServletMultipartResolver
2025-07-24 00:41:49 [http-nio-8081-exec-1] DEBUG o.s.web.servlet.DispatcherServlet - Detected AcceptHeaderLocaleResolver
2025-07-24 00:41:49 [http-nio-8081-exec-1] DEBUG o.s.web.servlet.DispatcherServlet - Detected FixedThemeResolver
2025-07-24 00:41:49 [http-nio-8081-exec-1] DEBUG o.s.web.servlet.DispatcherServlet - Detected org.springframework.web.servlet.view.DefaultRequestToViewNameTranslator@5a5c9a46
2025-07-24 00:41:49 [http-nio-8081-exec-1] DEBUG o.s.web.servlet.DispatcherServlet - Detected org.springframework.web.servlet.support.SessionFlashMapManager@758d901e
2025-07-24 00:41:49 [http-nio-8081-exec-1] DEBUG o.s.web.servlet.DispatcherServlet - enableLoggingRequestDetails='false': request parameters and headers will be masked to prevent unsafe logging of potentially sensitive data
2025-07-24 00:41:49 [http-nio-8081-exec-1] INFO  o.s.web.servlet.DispatcherServlet - Completed initialization in 5 ms
2025-07-24 00:41:49 [http-nio-8081-exec-2] DEBUG o.s.web.servlet.DispatcherServlet - GET "/login", parameters={}
2025-07-24 00:41:49 [http-nio-8081-exec-2] DEBUG o.s.w.s.m.m.a.RequestMappingHandlerMapping - Mapped to org.example.turnos.controlador.LoginController#mostrarLogin(String, String, Model)
2025-07-24 00:41:49 [http-nio-8081-exec-2] DEBUG o.s.w.s.v.ContentNegotiatingViewResolver - Selected 'text/html' given [text/html, application/xhtml+xml, application/xml;q=0.9, */*;q=0.8]
2025-07-24 00:41:49 [http-nio-8081-exec-2] DEBUG o.s.web.servlet.DispatcherServlet - Completed 200 OK
2025-07-24 00:41:57 [http-nio-8081-exec-6] DEBUG o.s.web.servlet.DispatcherServlet - GET "/", parameters={}
2025-07-24 00:41:57 [http-nio-8081-exec-6] DEBUG o.s.w.s.m.m.a.RequestMappingHandlerMapping - Mapped to org.example.turnos.controlador.HomeController#index()
2025-07-24 00:41:57 [http-nio-8081-exec-6] DEBUG o.s.w.s.v.ContentNegotiatingViewResolver - Selected 'text/html' given [text/html, application/xhtml+xml, application/xml;q=0.9, */*;q=0.8]
2025-07-24 00:41:57 [http-nio-8081-exec-6] DEBUG o.s.web.servlet.DispatcherServlet - Completed 200 OK
2025-07-24 00:41:57 [http-nio-8081-exec-7] DEBUG o.s.web.servlet.DispatcherServlet - GET "/css/home.css", parameters={}
2025-07-24 00:41:57 [http-nio-8081-exec-7] DEBUG o.s.w.s.h.SimpleUrlHandlerMapping - Mapped to ResourceHttpRequestHandler [classpath [META-INF/resources/], classpath [resources/], classpath [static/], classpath [public/], ServletContext [/]]
2025-07-24 00:41:57 [http-nio-8081-exec-7] DEBUG o.s.web.servlet.DispatcherServlet - Completed 200 OK
2025-07-24 00:41:57 [http-nio-8081-exec-8] DEBUG o.s.web.servlet.DispatcherServlet - GET "/login", parameters={}
2025-07-24 00:41:57 [http-nio-8081-exec-8] DEBUG o.s.w.s.m.m.a.RequestMappingHandlerMapping - Mapped to org.example.turnos.controlador.LoginController#mostrarLogin(String, String, Model)
2025-07-24 00:41:57 [http-nio-8081-exec-8] DEBUG o.s.w.s.v.ContentNegotiatingViewResolver - Selected '*/*' given [image/avif, image/webp, image/png, image/svg+xml, image/*;q=0.8, */*;q=0.5]
2025-07-24 00:41:57 [http-nio-8081-exec-8] DEBUG o.s.web.servlet.DispatcherServlet - Completed 200 OK
2025-07-24 00:41:59 [http-nio-8081-exec-4] DEBUG o.s.web.servlet.DispatcherServlet - GET "/turnos/formulario", parameters={}
2025-07-24 00:41:59 [http-nio-8081-exec-4] DEBUG o.s.w.s.m.m.a.RequestMappingHandlerMapping - Mapped to org.example.turnos.controlador.TurnoControlador#mostrarFormulario()
2025-07-24 00:41:59 [http-nio-8081-exec-4] DEBUG o.s.w.s.v.ContentNegotiatingViewResolver - Selected 'text/html' given [text/html, application/xhtml+xml, application/xml;q=0.9, */*;q=0.8]
2025-07-24 00:41:59 [http-nio-8081-exec-4] DEBUG o.s.web.servlet.DispatcherServlet - Completed 200 OK
2025-07-24 00:41:59 [http-nio-8081-exec-9] DEBUG o.s.web.servlet.DispatcherServlet - GET "/css/general.css", parameters={}
2025-07-24 00:41:59 [http-nio-8081-exec-9] DEBUG o.s.w.s.h.SimpleUrlHandlerMapping - Mapped to ResourceHttpRequestHandler [classpath [META-INF/resources/], classpath [resources/], classpath [static/], classpath [public/], ServletContext [/]]
2025-07-24 00:41:59 [http-nio-8081-exec-9] DEBUG o.s.web.servlet.DispatcherServlet - Completed 200 OK
2025-07-24 00:41:59 [http-nio-8081-exec-10] DEBUG o.s.web.servlet.DispatcherServlet - GET "/favicon.ico", parameters={}
2025-07-24 00:41:59 [http-nio-8081-exec-10] DEBUG o.s.w.s.h.SimpleUrlHandlerMapping - Mapped to ResourceHttpRequestHandler [classpath [META-INF/resources/], classpath [resources/], classpath [static/], classpath [public/], ServletContext [/]]
2025-07-24 00:41:59 [http-nio-8081-exec-10] DEBUG o.s.w.s.r.ResourceHttpRequestHandler - Resource not found
2025-07-24 00:41:59 [http-nio-8081-exec-10] DEBUG o.s.w.s.m.m.a.ExceptionHandlerExceptionResolver - Using @ExceptionHandler org.example.turnos.excepciones.GlobalExceptionHandler#manejarExcepcionGeneral(Exception, Model)
2025-07-24 00:41:59 [http-nio-8081-exec-10] DEBUG o.s.w.s.m.m.a.ExceptionHandlerExceptionResolver - Resolved [org.springframework.web.servlet.resource.NoResourceFoundException: No static resource favicon.ico.] to ModelAndView [view="error/errorGeneral"; model={mensajeError=Ha ocurrido un error inesperado: No static resource favicon.ico.}]
2025-07-24 00:41:59 [http-nio-8081-exec-10] DEBUG o.s.web.servlet.DispatcherServlet - Using resolved error view: ModelAndView [view="error/errorGeneral"; model={mensajeError=Ha ocurrido un error inesperado: No static resource favicon.ico.}]
2025-07-24 00:41:59 [http-nio-8081-exec-10] DEBUG o.s.w.s.v.ContentNegotiatingViewResolver - Selected '*/*' given [image/avif, image/webp, image/png, image/svg+xml, image/*;q=0.8, */*;q=0.5]
2025-07-24 00:41:59 [http-nio-8081-exec-10] DEBUG o.s.web.servlet.DispatcherServlet - Completed 200 OK
2025-07-24 01:28:21 [main] INFO  o.e.t.ProyectoSpringBootOO2Application - Starting ProyectoSpringBootOO2Application using Java 17.0.4.1 with PID 5688 (B:\UNLA\3º Año\- Orientación a Objetos 2\Spring\ProyectoSpringBootOO2\target\classes started by Franco in B:\UNLA\3º Año\- Orientación a Objetos 2\Spring\ProyectoSpringBootOO2)
2025-07-24 01:28:21 [main] INFO  o.e.t.ProyectoSpringBootOO2Application - No active profile set, falling back to 1 default profile: "default"
2025-07-24 01:28:22 [main] INFO  o.s.d.r.c.RepositoryConfigurationDelegate - Bootstrapping Spring Data JPA repositories in DEFAULT mode.
2025-07-24 01:28:22 [main] INFO  o.s.d.r.c.RepositoryConfigurationDelegate - Finished Spring Data repository scanning in 83 ms. Found 8 JPA repository interfaces.
2025-07-24 01:28:23 [main] INFO  o.s.b.w.e.tomcat.TomcatWebServer - Tomcat initialized with port 8081 (http)
2025-07-24 01:28:23 [main] INFO  o.a.catalina.core.StandardService - Starting service [Tomcat]
2025-07-24 01:28:23 [main] INFO  o.a.catalina.core.StandardEngine - Starting Servlet engine: [Apache Tomcat/10.1.41]
2025-07-24 01:28:23 [main] INFO  o.a.c.c.C.[Tomcat].[localhost].[/] - Initializing Spring embedded WebApplicationContext
2025-07-24 01:28:23 [main] INFO  o.s.b.w.s.c.ServletWebServerApplicationContext - Root WebApplicationContext: initialization completed in 1867 ms
2025-07-24 01:28:24 [main] INFO  o.s.o.j.p.SpringPersistenceUnitInfo - No LoadTimeWeaver setup: ignoring JPA class transformer
2025-07-24 01:28:24 [main] INFO  com.zaxxer.hikari.HikariDataSource - HikariPool-1 - Starting...
2025-07-24 01:28:24 [main] INFO  com.zaxxer.hikari.pool.HikariPool - HikariPool-1 - Added connection com.mysql.cj.jdbc.ConnectionImpl@22604c7e
2025-07-24 01:28:24 [main] INFO  com.zaxxer.hikari.HikariDataSource - HikariPool-1 - Start completed.
2025-07-24 01:28:25 [main] INFO  o.s.o.j.LocalContainerEntityManagerFactoryBean - Initialized JPA EntityManagerFactory for persistence unit 'default'
2025-07-24 01:28:26 [main] INFO  o.s.d.j.r.query.QueryEnhancerFactory - Hibernate is in classpath; If applicable, HQL parser will be used.
2025-07-24 01:28:27 [main] WARN  o.s.b.a.o.j.JpaBaseConfiguration$JpaWebConfiguration - spring.jpa.open-in-view is enabled by default. Therefore, database queries may be performed during view rendering. Explicitly configure spring.jpa.open-in-view to disable this warning
2025-07-24 01:28:27 [main] INFO  o.s.s.c.a.a.c.InitializeUserDetailsBeanManagerConfigurer$InitializeUserDetailsManagerConfigurer - Global AuthenticationManager configured with UserDetailsService bean with name customUserDetailsService
2025-07-24 01:28:27 [main] DEBUG o.s.w.s.m.m.a.RequestMappingHandlerMapping - 73 mappings in 'requestMappingHandlerMapping'
2025-07-24 01:28:27 [main] DEBUG o.s.w.s.h.SimpleUrlHandlerMapping - Patterns [/webjars/**, /**] in 'resourceHandlerMapping'
2025-07-24 01:28:27 [main] DEBUG o.s.w.s.m.m.a.RequestMappingHandlerAdapter - ControllerAdvice beans: 0 @ModelAttribute, 0 @InitBinder, 1 RequestBodyAdvice, 1 ResponseBodyAdvice
2025-07-24 01:28:27 [main] DEBUG o.s.w.s.m.m.a.ExceptionHandlerExceptionResolver - ControllerAdvice beans: 1 @ExceptionHandler, 1 ResponseBodyAdvice
2025-07-24 01:28:27 [main] INFO  o.s.b.w.e.tomcat.TomcatWebServer - Tomcat started on port 8081 (http) with context path '/'
2025-07-24 01:28:27 [main] INFO  o.e.t.ProyectoSpringBootOO2Application - Started ProyectoSpringBootOO2Application in 6.711 seconds (process running for 7.092)
2025-07-24 01:28:34 [http-nio-8081-exec-1] INFO  o.a.c.c.C.[Tomcat].[localhost].[/] - Initializing Spring DispatcherServlet 'dispatcherServlet'
2025-07-24 01:28:34 [http-nio-8081-exec-1] INFO  o.s.web.servlet.DispatcherServlet - Initializing Servlet 'dispatcherServlet'
2025-07-24 01:28:34 [http-nio-8081-exec-1] DEBUG o.s.web.servlet.DispatcherServlet - Detected StandardServletMultipartResolver
2025-07-24 01:28:34 [http-nio-8081-exec-1] DEBUG o.s.web.servlet.DispatcherServlet - Detected AcceptHeaderLocaleResolver
2025-07-24 01:28:34 [http-nio-8081-exec-1] DEBUG o.s.web.servlet.DispatcherServlet - Detected FixedThemeResolver
2025-07-24 01:28:34 [http-nio-8081-exec-1] DEBUG o.s.web.servlet.DispatcherServlet - Detected org.springframework.web.servlet.view.DefaultRequestToViewNameTranslator@4d390a0c
2025-07-24 01:28:34 [http-nio-8081-exec-1] DEBUG o.s.web.servlet.DispatcherServlet - Detected org.springframework.web.servlet.support.SessionFlashMapManager@79c01d37
2025-07-24 01:28:34 [http-nio-8081-exec-1] DEBUG o.s.web.servlet.DispatcherServlet - enableLoggingRequestDetails='false': request parameters and headers will be masked to prevent unsafe logging of potentially sensitive data
2025-07-24 01:28:34 [http-nio-8081-exec-1] INFO  o.s.web.servlet.DispatcherServlet - Completed initialization in 3 ms
2025-07-24 01:28:34 [http-nio-8081-exec-2] DEBUG o.s.web.servlet.DispatcherServlet - GET "/login", parameters={}
2025-07-24 01:28:34 [http-nio-8081-exec-2] DEBUG o.s.w.s.m.m.a.RequestMappingHandlerMapping - Mapped to org.example.turnos.controlador.LoginController#mostrarLogin(String, String, Model)
2025-07-24 01:28:34 [http-nio-8081-exec-2] DEBUG o.s.w.s.v.ContentNegotiatingViewResolver - Selected 'text/html' given [text/html, application/xhtml+xml, application/xml;q=0.9, */*;q=0.8]
2025-07-24 01:28:34 [http-nio-8081-exec-2] DEBUG o.s.web.servlet.DispatcherServlet - Completed 200 OK
2025-07-24 01:28:43 [http-nio-8081-exec-5] DEBUG o.s.web.servlet.DispatcherServlet - GET "/", parameters={}
2025-07-24 01:28:43 [http-nio-8081-exec-5] DEBUG o.s.w.s.m.m.a.RequestMappingHandlerMapping - Mapped to org.example.turnos.controlador.HomeController#index()
2025-07-24 01:28:43 [http-nio-8081-exec-5] DEBUG o.s.w.s.v.ContentNegotiatingViewResolver - Selected 'text/html' given [text/html, application/xhtml+xml, application/xml;q=0.9, */*;q=0.8]
2025-07-24 01:28:43 [http-nio-8081-exec-5] DEBUG o.s.web.servlet.DispatcherServlet - Completed 200 OK
2025-07-24 01:28:43 [http-nio-8081-exec-6] DEBUG o.s.web.servlet.DispatcherServlet - GET "/css/home.css", parameters={}
2025-07-24 01:28:43 [http-nio-8081-exec-6] DEBUG o.s.w.s.h.SimpleUrlHandlerMapping - Mapped to ResourceHttpRequestHandler [classpath [META-INF/resources/], classpath [resources/], classpath [static/], classpath [public/], ServletContext [/]]
2025-07-24 01:28:43 [http-nio-8081-exec-6] DEBUG o.s.web.servlet.DispatcherServlet - Completed 200 OK
2025-07-24 01:28:43 [http-nio-8081-exec-7] DEBUG o.s.web.servlet.DispatcherServlet - GET "/favicon.ico", parameters={}
2025-07-24 01:28:43 [http-nio-8081-exec-7] DEBUG o.s.w.s.h.SimpleUrlHandlerMapping - Mapped to ResourceHttpRequestHandler [classpath [META-INF/resources/], classpath [resources/], classpath [static/], classpath [public/], ServletContext [/]]
2025-07-24 01:28:43 [http-nio-8081-exec-7] DEBUG o.s.w.s.r.ResourceHttpRequestHandler - Resource not found
2025-07-24 01:28:43 [http-nio-8081-exec-7] DEBUG o.s.w.s.m.m.a.ExceptionHandlerExceptionResolver - Using @ExceptionHandler org.example.turnos.excepciones.GlobalExceptionHandler#manejarExcepcionGeneral(Exception, Model)
2025-07-24 01:28:43 [http-nio-8081-exec-7] DEBUG o.s.w.s.m.m.a.ExceptionHandlerExceptionResolver - Resolved [org.springframework.web.servlet.resource.NoResourceFoundException: No static resource favicon.ico.] to ModelAndView [view="error/errorGeneral"; model={mensajeError=Ha ocurrido un error inesperado: No static resource favicon.ico.}]
2025-07-24 01:28:43 [http-nio-8081-exec-7] DEBUG o.s.web.servlet.DispatcherServlet - Using resolved error view: ModelAndView [view="error/errorGeneral"; model={mensajeError=Ha ocurrido un error inesperado: No static resource favicon.ico.}]
2025-07-24 01:28:43 [http-nio-8081-exec-7] DEBUG o.s.w.s.v.ContentNegotiatingViewResolver - Selected '*/*' given [image/avif, image/webp, image/png, image/svg+xml, image/*;q=0.8, */*;q=0.5]
2025-07-24 01:28:43 [http-nio-8081-exec-7] DEBUG o.s.web.servlet.DispatcherServlet - Completed 200 OK
2025-07-24 01:28:51 [http-nio-8081-exec-8] DEBUG o.s.web.servlet.DispatcherServlet - GET "/turnos/formulario", parameters={}
2025-07-24 01:28:51 [http-nio-8081-exec-8] DEBUG o.s.w.s.m.m.a.RequestMappingHandlerMapping - Mapped to org.example.turnos.controlador.TurnoControlador#mostrarFormulario()
2025-07-24 01:28:51 [http-nio-8081-exec-8] DEBUG o.s.w.s.v.ContentNegotiatingViewResolver - Selected 'text/html' given [text/html, application/xhtml+xml, application/xml;q=0.9, */*;q=0.8]
2025-07-24 01:28:51 [http-nio-8081-exec-8] DEBUG o.s.web.servlet.DispatcherServlet - Completed 200 OK
2025-07-24 01:28:51 [http-nio-8081-exec-9] DEBUG o.s.web.servlet.DispatcherServlet - GET "/css/general.css", parameters={}
2025-07-24 01:28:51 [http-nio-8081-exec-9] DEBUG o.s.w.s.h.SimpleUrlHandlerMapping - Mapped to ResourceHttpRequestHandler [classpath [META-INF/resources/], classpath [resources/], classpath [static/], classpath [public/], ServletContext [/]]
2025-07-24 01:28:51 [http-nio-8081-exec-9] DEBUG o.s.web.servlet.DispatcherServlet - Completed 200 OK
2025-07-24 01:28:51 [http-nio-8081-exec-10] DEBUG o.s.web.servlet.DispatcherServlet - GET "/favicon.ico", parameters={}
2025-07-24 01:28:51 [http-nio-8081-exec-10] DEBUG o.s.w.s.h.SimpleUrlHandlerMapping - Mapped to ResourceHttpRequestHandler [classpath [META-INF/resources/], classpath [resources/], classpath [static/], classpath [public/], ServletContext [/]]
2025-07-24 01:28:51 [http-nio-8081-exec-10] DEBUG o.s.w.s.r.ResourceHttpRequestHandler - Resource not found
2025-07-24 01:28:51 [http-nio-8081-exec-10] DEBUG o.s.w.s.m.m.a.ExceptionHandlerExceptionResolver - Using @ExceptionHandler org.example.turnos.excepciones.GlobalExceptionHandler#manejarExcepcionGeneral(Exception, Model)
2025-07-24 01:28:51 [http-nio-8081-exec-10] DEBUG o.s.w.s.m.m.a.ExceptionHandlerExceptionResolver - Resolved [org.springframework.web.servlet.resource.NoResourceFoundException: No static resource favicon.ico.] to ModelAndView [view="error/errorGeneral"; model={mensajeError=Ha ocurrido un error inesperado: No static resource favicon.ico.}]
2025-07-24 01:28:51 [http-nio-8081-exec-10] DEBUG o.s.web.servlet.DispatcherServlet - Using resolved error view: ModelAndView [view="error/errorGeneral"; model={mensajeError=Ha ocurrido un error inesperado: No static resource favicon.ico.}]
2025-07-24 01:28:51 [http-nio-8081-exec-10] DEBUG o.s.w.s.v.ContentNegotiatingViewResolver - Selected '*/*' given [image/avif, image/webp, image/png, image/svg+xml, image/*;q=0.8, */*;q=0.5]
2025-07-24 01:28:51 [http-nio-8081-exec-10] DEBUG o.s.web.servlet.DispatcherServlet - Completed 200 OK
2025-07-24 01:29:30 [http-nio-8081-exec-1] DEBUG o.s.web.servlet.DispatcherServlet - GET "/", parameters={}
2025-07-24 01:29:30 [http-nio-8081-exec-1] DEBUG o.s.w.s.m.m.a.RequestMappingHandlerMapping - Mapped to org.example.turnos.controlador.HomeController#index()
2025-07-24 01:29:30 [http-nio-8081-exec-1] DEBUG o.s.w.s.v.ContentNegotiatingViewResolver - Selected 'text/html' given [text/html, application/xhtml+xml, application/xml;q=0.9, */*;q=0.8]
2025-07-24 01:29:30 [http-nio-8081-exec-1] DEBUG o.s.web.servlet.DispatcherServlet - Completed 200 OK
2025-07-24 01:29:30 [http-nio-8081-exec-2] DEBUG o.s.web.servlet.DispatcherServlet - GET "/css/home.css", parameters={}
2025-07-24 01:29:30 [http-nio-8081-exec-2] DEBUG o.s.w.s.h.SimpleUrlHandlerMapping - Mapped to ResourceHttpRequestHandler [classpath [META-INF/resources/], classpath [resources/], classpath [static/], classpath [public/], ServletContext [/]]
2025-07-24 01:29:30 [http-nio-8081-exec-2] DEBUG o.s.web.servlet.DispatcherServlet - Completed 200 OK
2025-07-24 01:29:30 [http-nio-8081-exec-3] DEBUG o.s.web.servlet.DispatcherServlet - GET "/favicon.ico", parameters={}
2025-07-24 01:29:30 [http-nio-8081-exec-3] DEBUG o.s.w.s.h.SimpleUrlHandlerMapping - Mapped to ResourceHttpRequestHandler [classpath [META-INF/resources/], classpath [resources/], classpath [static/], classpath [public/], ServletContext [/]]
2025-07-24 01:29:30 [http-nio-8081-exec-3] DEBUG o.s.w.s.r.ResourceHttpRequestHandler - Resource not found
2025-07-24 01:29:30 [http-nio-8081-exec-3] DEBUG o.s.w.s.m.m.a.ExceptionHandlerExceptionResolver - Using @ExceptionHandler org.example.turnos.excepciones.GlobalExceptionHandler#manejarExcepcionGeneral(Exception, Model)
2025-07-24 01:29:30 [http-nio-8081-exec-3] DEBUG o.s.w.s.m.m.a.ExceptionHandlerExceptionResolver - Resolved [org.springframework.web.servlet.resource.NoResourceFoundException: No static resource favicon.ico.] to ModelAndView [view="error/errorGeneral"; model={mensajeError=Ha ocurrido un error inesperado: No static resource favicon.ico.}]
2025-07-24 01:29:30 [http-nio-8081-exec-3] DEBUG o.s.web.servlet.DispatcherServlet - Using resolved error view: ModelAndView [view="error/errorGeneral"; model={mensajeError=Ha ocurrido un error inesperado: No static resource favicon.ico.}]
2025-07-24 01:29:30 [http-nio-8081-exec-3] DEBUG o.s.w.s.v.ContentNegotiatingViewResolver - Selected '*/*' given [image/avif, image/webp, image/png, image/svg+xml, image/*;q=0.8, */*;q=0.5]
2025-07-24 01:29:30 [http-nio-8081-exec-3] DEBUG o.s.web.servlet.DispatcherServlet - Completed 200 OK
2025-07-24 01:29:36 [http-nio-8081-exec-4] DEBUG o.s.web.servlet.DispatcherServlet - GET "/clientes/formulario", parameters={}
2025-07-24 01:29:36 [http-nio-8081-exec-4] DEBUG o.s.w.s.m.m.a.RequestMappingHandlerMapping - Mapped to org.example.turnos.controlador.ClienteWebControlador#mostrarFormularioBusqueda()
2025-07-24 01:29:36 [http-nio-8081-exec-4] DEBUG o.s.w.s.v.ContentNegotiatingViewResolver - Selected 'text/html' given [text/html, application/xhtml+xml, application/xml;q=0.9, */*;q=0.8]
2025-07-24 01:29:36 [http-nio-8081-exec-4] DEBUG o.s.web.servlet.DispatcherServlet - Completed 200 OK
2025-07-24 01:29:37 [http-nio-8081-exec-5] DEBUG o.s.web.servlet.DispatcherServlet - GET "/css/general.css", parameters={}
2025-07-24 01:29:37 [http-nio-8081-exec-5] DEBUG o.s.w.s.h.SimpleUrlHandlerMapping - Mapped to ResourceHttpRequestHandler [classpath [META-INF/resources/], classpath [resources/], classpath [static/], classpath [public/], ServletContext [/]]
2025-07-24 01:29:37 [http-nio-8081-exec-5] DEBUG o.s.web.servlet.DispatcherServlet - Completed 200 OK
2025-07-24 01:29:37 [http-nio-8081-exec-6] DEBUG o.s.web.servlet.DispatcherServlet - GET "/favicon.ico", parameters={}
2025-07-24 01:29:37 [http-nio-8081-exec-6] DEBUG o.s.w.s.h.SimpleUrlHandlerMapping - Mapped to ResourceHttpRequestHandler [classpath [META-INF/resources/], classpath [resources/], classpath [static/], classpath [public/], ServletContext [/]]
2025-07-24 01:29:37 [http-nio-8081-exec-6] DEBUG o.s.w.s.r.ResourceHttpRequestHandler - Resource not found
2025-07-24 01:29:37 [http-nio-8081-exec-6] DEBUG o.s.w.s.m.m.a.ExceptionHandlerExceptionResolver - Using @ExceptionHandler org.example.turnos.excepciones.GlobalExceptionHandler#manejarExcepcionGeneral(Exception, Model)
2025-07-24 01:29:37 [http-nio-8081-exec-6] DEBUG o.s.w.s.m.m.a.ExceptionHandlerExceptionResolver - Resolved [org.springframework.web.servlet.resource.NoResourceFoundException: No static resource favicon.ico.] to ModelAndView [view="error/errorGeneral"; model={mensajeError=Ha ocurrido un error inesperado: No static resource favicon.ico.}]
2025-07-24 01:29:37 [http-nio-8081-exec-6] DEBUG o.s.web.servlet.DispatcherServlet - Using resolved error view: ModelAndView [view="error/errorGeneral"; model={mensajeError=Ha ocurrido un error inesperado: No static resource favicon.ico.}]
2025-07-24 01:29:37 [http-nio-8081-exec-6] DEBUG o.s.w.s.v.ContentNegotiatingViewResolver - Selected '*/*' given [image/avif, image/webp, image/png, image/svg+xml, image/*;q=0.8, */*;q=0.5]
2025-07-24 01:29:37 [http-nio-8081-exec-6] DEBUG o.s.web.servlet.DispatcherServlet - Completed 200 OK
2025-07-24 01:32:18 [http-nio-8081-exec-8] DEBUG o.s.web.servlet.DispatcherServlet - POST "/clientes/agregar", parameters={masked}
2025-07-24 01:32:18 [http-nio-8081-exec-8] DEBUG o.s.w.s.m.m.a.RequestMappingHandlerMapping - Mapped to org.example.turnos.controlador.ClienteWebControlador#agregarCliente(ClienteDTO, Model)
2025-07-24 01:32:19 [http-nio-8081-exec-8] DEBUG o.s.w.s.v.ContentNegotiatingViewResolver - Selected 'text/html' given [text/html, application/xhtml+xml, application/xml;q=0.9, */*;q=0.8]
2025-07-24 01:32:19 [http-nio-8081-exec-8] DEBUG o.s.web.servlet.DispatcherServlet - Completed 200 OK
2025-07-24 01:32:19 [http-nio-8081-exec-9] DEBUG o.s.web.servlet.DispatcherServlet - GET "/css/general.css", parameters={}
2025-07-24 01:32:19 [http-nio-8081-exec-9] DEBUG o.s.w.s.h.SimpleUrlHandlerMapping - Mapped to ResourceHttpRequestHandler [classpath [META-INF/resources/], classpath [resources/], classpath [static/], classpath [public/], ServletContext [/]]
2025-07-24 01:32:19 [http-nio-8081-exec-9] DEBUG o.s.web.servlet.DispatcherServlet - Completed 200 OK
2025-07-24 01:32:19 [http-nio-8081-exec-10] DEBUG o.s.web.servlet.DispatcherServlet - GET "/favicon.ico", parameters={}
2025-07-24 01:32:19 [http-nio-8081-exec-10] DEBUG o.s.w.s.h.SimpleUrlHandlerMapping - Mapped to ResourceHttpRequestHandler [classpath [META-INF/resources/], classpath [resources/], classpath [static/], classpath [public/], ServletContext [/]]
2025-07-24 01:32:19 [http-nio-8081-exec-10] DEBUG o.s.w.s.r.ResourceHttpRequestHandler - Resource not found
2025-07-24 01:32:19 [http-nio-8081-exec-10] DEBUG o.s.w.s.m.m.a.ExceptionHandlerExceptionResolver - Using @ExceptionHandler org.example.turnos.excepciones.GlobalExceptionHandler#manejarExcepcionGeneral(Exception, Model)
2025-07-24 01:32:19 [http-nio-8081-exec-10] DEBUG o.s.w.s.m.m.a.ExceptionHandlerExceptionResolver - Resolved [org.springframework.web.servlet.resource.NoResourceFoundException: No static resource favicon.ico.] to ModelAndView [view="error/errorGeneral"; model={mensajeError=Ha ocurrido un error inesperado: No static resource favicon.ico.}]
2025-07-24 01:32:19 [http-nio-8081-exec-10] DEBUG o.s.web.servlet.DispatcherServlet - Using resolved error view: ModelAndView [view="error/errorGeneral"; model={mensajeError=Ha ocurrido un error inesperado: No static resource favicon.ico.}]
2025-07-24 01:32:19 [http-nio-8081-exec-10] DEBUG o.s.w.s.v.ContentNegotiatingViewResolver - Selected '*/*' given [image/avif, image/webp, image/png, image/svg+xml, image/*;q=0.8, */*;q=0.5]
2025-07-24 01:32:19 [http-nio-8081-exec-10] DEBUG o.s.web.servlet.DispatcherServlet - Completed 200 OK
2025-07-24 01:32:29 [http-nio-8081-exec-1] DEBUG o.s.web.servlet.DispatcherServlet - GET "/clientes/formulario", parameters={}
2025-07-24 01:32:29 [http-nio-8081-exec-1] DEBUG o.s.w.s.m.m.a.RequestMappingHandlerMapping - Mapped to org.example.turnos.controlador.ClienteWebControlador#mostrarFormularioBusqueda()
2025-07-24 01:32:29 [http-nio-8081-exec-1] DEBUG o.s.w.s.v.ContentNegotiatingViewResolver - Selected 'text/html' given [text/html, application/xhtml+xml, application/xml;q=0.9, */*;q=0.8]
2025-07-24 01:32:29 [http-nio-8081-exec-1] DEBUG o.s.web.servlet.DispatcherServlet - Completed 200 OK
2025-07-24 01:32:29 [http-nio-8081-exec-2] DEBUG o.s.web.servlet.DispatcherServlet - GET "/css/general.css", parameters={}
2025-07-24 01:32:29 [http-nio-8081-exec-2] DEBUG o.s.w.s.h.SimpleUrlHandlerMapping - Mapped to ResourceHttpRequestHandler [classpath [META-INF/resources/], classpath [resources/], classpath [static/], classpath [public/], ServletContext [/]]
2025-07-24 01:32:29 [http-nio-8081-exec-2] DEBUG o.s.web.servlet.DispatcherServlet - Completed 200 OK
2025-07-24 01:32:29 [http-nio-8081-exec-3] DEBUG o.s.web.servlet.DispatcherServlet - GET "/favicon.ico", parameters={}
2025-07-24 01:32:29 [http-nio-8081-exec-3] DEBUG o.s.w.s.h.SimpleUrlHandlerMapping - Mapped to ResourceHttpRequestHandler [classpath [META-INF/resources/], classpath [resources/], classpath [static/], classpath [public/], ServletContext [/]]
2025-07-24 01:32:29 [http-nio-8081-exec-3] DEBUG o.s.w.s.r.ResourceHttpRequestHandler - Resource not found
2025-07-24 01:32:29 [http-nio-8081-exec-3] DEBUG o.s.w.s.m.m.a.ExceptionHandlerExceptionResolver - Using @ExceptionHandler org.example.turnos.excepciones.GlobalExceptionHandler#manejarExcepcionGeneral(Exception, Model)
2025-07-24 01:32:29 [http-nio-8081-exec-3] DEBUG o.s.w.s.m.m.a.ExceptionHandlerExceptionResolver - Resolved [org.springframework.web.servlet.resource.NoResourceFoundException: No static resource favicon.ico.] to ModelAndView [view="error/errorGeneral"; model={mensajeError=Ha ocurrido un error inesperado: No static resource favicon.ico.}]
2025-07-24 01:32:29 [http-nio-8081-exec-3] DEBUG o.s.web.servlet.DispatcherServlet - Using resolved error view: ModelAndView [view="error/errorGeneral"; model={mensajeError=Ha ocurrido un error inesperado: No static resource favicon.ico.}]
2025-07-24 01:32:29 [http-nio-8081-exec-3] DEBUG o.s.w.s.v.ContentNegotiatingViewResolver - Selected '*/*' given [image/avif, image/webp, image/png, image/svg+xml, image/*;q=0.8, */*;q=0.5]
2025-07-24 01:32:29 [http-nio-8081-exec-3] DEBUG o.s.web.servlet.DispatcherServlet - Completed 200 OK
2025-07-24 01:32:48 [http-nio-8081-exec-4] DEBUG o.s.web.servlet.DispatcherServlet - POST "/contactos/agregar", parameters={masked}
2025-07-24 01:32:48 [http-nio-8081-exec-4] DEBUG o.s.w.s.m.m.a.RequestMappingHandlerMapping - Mapped to org.example.turnos.controlador.ContactoWebControlador#agregarContacto(ContactoDTO, Model)
2025-07-24 01:32:48 [http-nio-8081-exec-4] DEBUG o.s.w.s.v.ContentNegotiatingViewResolver - Selected 'text/html' given [text/html, application/xhtml+xml, application/xml;q=0.9, */*;q=0.8]
2025-07-24 01:32:48 [http-nio-8081-exec-4] DEBUG o.s.web.servlet.DispatcherServlet - Completed 200 OK
2025-07-24 01:32:48 [http-nio-8081-exec-5] DEBUG o.s.web.servlet.DispatcherServlet - GET "/css/general.css", parameters={}
2025-07-24 01:32:48 [http-nio-8081-exec-5] DEBUG o.s.w.s.h.SimpleUrlHandlerMapping - Mapped to ResourceHttpRequestHandler [classpath [META-INF/resources/], classpath [resources/], classpath [static/], classpath [public/], ServletContext [/]]
2025-07-24 01:32:48 [http-nio-8081-exec-5] DEBUG o.s.web.servlet.DispatcherServlet - Completed 200 OK
2025-07-24 01:32:48 [http-nio-8081-exec-6] DEBUG o.s.web.servlet.DispatcherServlet - GET "/favicon.ico", parameters={}
2025-07-24 01:32:48 [http-nio-8081-exec-6] DEBUG o.s.w.s.h.SimpleUrlHandlerMapping - Mapped to ResourceHttpRequestHandler [classpath [META-INF/resources/], classpath [resources/], classpath [static/], classpath [public/], ServletContext [/]]
2025-07-24 01:32:48 [http-nio-8081-exec-6] DEBUG o.s.w.s.r.ResourceHttpRequestHandler - Resource not found
2025-07-24 01:32:48 [http-nio-8081-exec-6] DEBUG o.s.w.s.m.m.a.ExceptionHandlerExceptionResolver - Using @ExceptionHandler org.example.turnos.excepciones.GlobalExceptionHandler#manejarExcepcionGeneral(Exception, Model)
2025-07-24 01:32:48 [http-nio-8081-exec-6] DEBUG o.s.w.s.m.m.a.ExceptionHandlerExceptionResolver - Resolved [org.springframework.web.servlet.resource.NoResourceFoundException: No static resource favicon.ico.] to ModelAndView [view="error/errorGeneral"; model={mensajeError=Ha ocurrido un error inesperado: No static resource favicon.ico.}]
2025-07-24 01:32:48 [http-nio-8081-exec-6] DEBUG o.s.web.servlet.DispatcherServlet - Using resolved error view: ModelAndView [view="error/errorGeneral"; model={mensajeError=Ha ocurrido un error inesperado: No static resource favicon.ico.}]
2025-07-24 01:32:48 [http-nio-8081-exec-6] DEBUG o.s.w.s.v.ContentNegotiatingViewResolver - Selected '*/*' given [image/avif, image/webp, image/png, image/svg+xml, image/*;q=0.8, */*;q=0.5]
2025-07-24 01:32:48 [http-nio-8081-exec-6] DEBUG o.s.web.servlet.DispatcherServlet - Completed 200 OK
2025-07-24 01:32:50 [http-nio-8081-exec-7] DEBUG o.s.web.servlet.DispatcherServlet - GET "/clientes/formulario", parameters={}
2025-07-24 01:32:50 [http-nio-8081-exec-7] DEBUG o.s.w.s.m.m.a.RequestMappingHandlerMapping - Mapped to org.example.turnos.controlador.ClienteWebControlador#mostrarFormularioBusqueda()
2025-07-24 01:32:50 [http-nio-8081-exec-7] DEBUG o.s.w.s.v.ContentNegotiatingViewResolver - Selected 'text/html' given [text/html, application/xhtml+xml, application/xml;q=0.9, */*;q=0.8]
2025-07-24 01:32:50 [http-nio-8081-exec-7] DEBUG o.s.web.servlet.DispatcherServlet - Completed 200 OK
2025-07-24 01:32:50 [http-nio-8081-exec-8] DEBUG o.s.web.servlet.DispatcherServlet - GET "/css/general.css", parameters={}
2025-07-24 01:32:50 [http-nio-8081-exec-8] DEBUG o.s.w.s.h.SimpleUrlHandlerMapping - Mapped to ResourceHttpRequestHandler [classpath [META-INF/resources/], classpath [resources/], classpath [static/], classpath [public/], ServletContext [/]]
2025-07-24 01:32:50 [http-nio-8081-exec-8] DEBUG o.s.web.servlet.DispatcherServlet - Completed 200 OK
2025-07-24 01:32:50 [http-nio-8081-exec-9] DEBUG o.s.web.servlet.DispatcherServlet - GET "/favicon.ico", parameters={}
2025-07-24 01:32:50 [http-nio-8081-exec-9] DEBUG o.s.w.s.h.SimpleUrlHandlerMapping - Mapped to ResourceHttpRequestHandler [classpath [META-INF/resources/], classpath [resources/], classpath [static/], classpath [public/], ServletContext [/]]
2025-07-24 01:32:50 [http-nio-8081-exec-9] DEBUG o.s.w.s.r.ResourceHttpRequestHandler - Resource not found
2025-07-24 01:32:50 [http-nio-8081-exec-9] DEBUG o.s.w.s.m.m.a.ExceptionHandlerExceptionResolver - Using @ExceptionHandler org.example.turnos.excepciones.GlobalExceptionHandler#manejarExcepcionGeneral(Exception, Model)
2025-07-24 01:32:50 [http-nio-8081-exec-9] DEBUG o.s.w.s.m.m.a.ExceptionHandlerExceptionResolver - Resolved [org.springframework.web.servlet.resource.NoResourceFoundException: No static resource favicon.ico.] to ModelAndView [view="error/errorGeneral"; model={mensajeError=Ha ocurrido un error inesperado: No static resource favicon.ico.}]
2025-07-24 01:32:50 [http-nio-8081-exec-9] DEBUG o.s.web.servlet.DispatcherServlet - Using resolved error view: ModelAndView [view="error/errorGeneral"; model={mensajeError=Ha ocurrido un error inesperado: No static resource favicon.ico.}]
2025-07-24 01:32:50 [http-nio-8081-exec-9] DEBUG o.s.w.s.v.ContentNegotiatingViewResolver - Selected '*/*' given [image/avif, image/webp, image/png, image/svg+xml, image/*;q=0.8, */*;q=0.5]
2025-07-24 01:32:50 [http-nio-8081-exec-9] DEBUG o.s.web.servlet.DispatcherServlet - Completed 200 OK
2025-07-24 01:32:57 [http-nio-8081-exec-10] DEBUG o.s.web.servlet.DispatcherServlet - GET "/", parameters={}
2025-07-24 01:32:57 [http-nio-8081-exec-10] DEBUG o.s.w.s.m.m.a.RequestMappingHandlerMapping - Mapped to org.example.turnos.controlador.HomeController#index()
2025-07-24 01:32:57 [http-nio-8081-exec-10] DEBUG o.s.w.s.v.ContentNegotiatingViewResolver - Selected 'text/html' given [text/html, application/xhtml+xml, application/xml;q=0.9, */*;q=0.8]
2025-07-24 01:32:57 [http-nio-8081-exec-10] DEBUG o.s.web.servlet.DispatcherServlet - Completed 200 OK
2025-07-24 01:32:57 [http-nio-8081-exec-1] DEBUG o.s.web.servlet.DispatcherServlet - GET "/css/home.css", parameters={}
2025-07-24 01:32:57 [http-nio-8081-exec-1] DEBUG o.s.w.s.h.SimpleUrlHandlerMapping - Mapped to ResourceHttpRequestHandler [classpath [META-INF/resources/], classpath [resources/], classpath [static/], classpath [public/], ServletContext [/]]
2025-07-24 01:32:57 [http-nio-8081-exec-1] DEBUG o.s.web.servlet.DispatcherServlet - Completed 200 OK
2025-07-24 01:32:58 [http-nio-8081-exec-2] DEBUG o.s.web.servlet.DispatcherServlet - GET "/turnos/formulario", parameters={}
2025-07-24 01:32:58 [http-nio-8081-exec-2] DEBUG o.s.w.s.m.m.a.RequestMappingHandlerMapping - Mapped to org.example.turnos.controlador.TurnoControlador#mostrarFormulario()
2025-07-24 01:32:58 [http-nio-8081-exec-2] DEBUG o.s.w.s.v.ContentNegotiatingViewResolver - Selected 'text/html' given [text/html, application/xhtml+xml, application/xml;q=0.9, */*;q=0.8]
2025-07-24 01:32:58 [http-nio-8081-exec-2] DEBUG o.s.web.servlet.DispatcherServlet - Completed 200 OK
2025-07-24 01:32:58 [http-nio-8081-exec-3] DEBUG o.s.web.servlet.DispatcherServlet - GET "/css/general.css", parameters={}
2025-07-24 01:32:58 [http-nio-8081-exec-3] DEBUG o.s.w.s.h.SimpleUrlHandlerMapping - Mapped to ResourceHttpRequestHandler [classpath [META-INF/resources/], classpath [resources/], classpath [static/], classpath [public/], ServletContext [/]]
2025-07-24 01:32:58 [http-nio-8081-exec-3] DEBUG o.s.web.servlet.DispatcherServlet - Completed 200 OK
2025-07-24 01:32:58 [http-nio-8081-exec-4] DEBUG o.s.web.servlet.DispatcherServlet - GET "/favicon.ico", parameters={}
2025-07-24 01:32:58 [http-nio-8081-exec-4] DEBUG o.s.w.s.h.SimpleUrlHandlerMapping - Mapped to ResourceHttpRequestHandler [classpath [META-INF/resources/], classpath [resources/], classpath [static/], classpath [public/], ServletContext [/]]
2025-07-24 01:32:58 [http-nio-8081-exec-4] DEBUG o.s.w.s.r.ResourceHttpRequestHandler - Resource not found
2025-07-24 01:32:58 [http-nio-8081-exec-4] DEBUG o.s.w.s.m.m.a.ExceptionHandlerExceptionResolver - Using @ExceptionHandler org.example.turnos.excepciones.GlobalExceptionHandler#manejarExcepcionGeneral(Exception, Model)
2025-07-24 01:32:58 [http-nio-8081-exec-4] DEBUG o.s.w.s.m.m.a.ExceptionHandlerExceptionResolver - Resolved [org.springframework.web.servlet.resource.NoResourceFoundException: No static resource favicon.ico.] to ModelAndView [view="error/errorGeneral"; model={mensajeError=Ha ocurrido un error inesperado: No static resource favicon.ico.}]
2025-07-24 01:32:58 [http-nio-8081-exec-4] DEBUG o.s.web.servlet.DispatcherServlet - Using resolved error view: ModelAndView [view="error/errorGeneral"; model={mensajeError=Ha ocurrido un error inesperado: No static resource favicon.ico.}]
2025-07-24 01:32:58 [http-nio-8081-exec-4] DEBUG o.s.w.s.v.ContentNegotiatingViewResolver - Selected '*/*' given [image/avif, image/webp, image/png, image/svg+xml, image/*;q=0.8, */*;q=0.5]
2025-07-24 01:32:58 [http-nio-8081-exec-4] DEBUG o.s.web.servlet.DispatcherServlet - Completed 200 OK
2025-07-24 01:33:08 [http-nio-8081-exec-5] DEBUG o.s.web.servlet.DispatcherServlet - GET "/", parameters={}
2025-07-24 01:33:08 [http-nio-8081-exec-5] DEBUG o.s.w.s.m.m.a.RequestMappingHandlerMapping - Mapped to org.example.turnos.controlador.HomeController#index()
2025-07-24 01:33:08 [http-nio-8081-exec-5] DEBUG o.s.w.s.v.ContentNegotiatingViewResolver - Selected 'text/html' given [text/html, application/xhtml+xml, application/xml;q=0.9, */*;q=0.8]
2025-07-24 01:33:08 [http-nio-8081-exec-5] DEBUG o.s.web.servlet.DispatcherServlet - Completed 200 OK
2025-07-24 01:33:08 [http-nio-8081-exec-6] DEBUG o.s.web.servlet.DispatcherServlet - GET "/css/home.css", parameters={}
2025-07-24 01:33:08 [http-nio-8081-exec-6] DEBUG o.s.w.s.h.SimpleUrlHandlerMapping - Mapped to ResourceHttpRequestHandler [classpath [META-INF/resources/], classpath [resources/], classpath [static/], classpath [public/], ServletContext [/]]
2025-07-24 01:33:08 [http-nio-8081-exec-6] DEBUG o.s.web.servlet.DispatcherServlet - Completed 200 OK
2025-07-24 01:33:08 [http-nio-8081-exec-7] DEBUG o.s.web.servlet.DispatcherServlet - GET "/favicon.ico", parameters={}
2025-07-24 01:33:08 [http-nio-8081-exec-7] DEBUG o.s.w.s.h.SimpleUrlHandlerMapping - Mapped to ResourceHttpRequestHandler [classpath [META-INF/resources/], classpath [resources/], classpath [static/], classpath [public/], ServletContext [/]]
2025-07-24 01:33:08 [http-nio-8081-exec-7] DEBUG o.s.w.s.r.ResourceHttpRequestHandler - Resource not found
2025-07-24 01:33:08 [http-nio-8081-exec-7] DEBUG o.s.w.s.m.m.a.ExceptionHandlerExceptionResolver - Using @ExceptionHandler org.example.turnos.excepciones.GlobalExceptionHandler#manejarExcepcionGeneral(Exception, Model)
2025-07-24 01:33:08 [http-nio-8081-exec-7] DEBUG o.s.w.s.m.m.a.ExceptionHandlerExceptionResolver - Resolved [org.springframework.web.servlet.resource.NoResourceFoundException: No static resource favicon.ico.] to ModelAndView [view="error/errorGeneral"; model={mensajeError=Ha ocurrido un error inesperado: No static resource favicon.ico.}]
2025-07-24 01:33:08 [http-nio-8081-exec-7] DEBUG o.s.web.servlet.DispatcherServlet - Using resolved error view: ModelAndView [view="error/errorGeneral"; model={mensajeError=Ha ocurrido un error inesperado: No static resource favicon.ico.}]
2025-07-24 01:33:08 [http-nio-8081-exec-7] DEBUG o.s.w.s.v.ContentNegotiatingViewResolver - Selected '*/*' given [image/avif, image/webp, image/png, image/svg+xml, image/*;q=0.8, */*;q=0.5]
2025-07-24 01:33:08 [http-nio-8081-exec-7] DEBUG o.s.web.servlet.DispatcherServlet - Completed 200 OK
2025-07-24 01:33:09 [http-nio-8081-exec-8] DEBUG o.s.web.servlet.DispatcherServlet - GET "/servicios/formulario", parameters={}
2025-07-24 01:33:09 [http-nio-8081-exec-8] DEBUG o.s.w.s.m.m.a.RequestMappingHandlerMapping - Mapped to org.example.turnos.controlador.ServicioWebControlador#mostrarFormulario(Model)
2025-07-24 01:33:09 [http-nio-8081-exec-8] DEBUG o.s.w.s.v.ContentNegotiatingViewResolver - Selected 'text/html' given [text/html, application/xhtml+xml, application/xml;q=0.9, */*;q=0.8]
2025-07-24 01:33:09 [http-nio-8081-exec-8] DEBUG o.s.web.servlet.DispatcherServlet - Completed 200 OK
2025-07-24 01:33:09 [http-nio-8081-exec-9] DEBUG o.s.web.servlet.DispatcherServlet - GET "/css/general.css", parameters={}
2025-07-24 01:33:09 [http-nio-8081-exec-9] DEBUG o.s.w.s.h.SimpleUrlHandlerMapping - Mapped to ResourceHttpRequestHandler [classpath [META-INF/resources/], classpath [resources/], classpath [static/], classpath [public/], ServletContext [/]]
2025-07-24 01:33:09 [http-nio-8081-exec-9] DEBUG o.s.web.servlet.DispatcherServlet - Completed 200 OK
2025-07-24 01:33:09 [http-nio-8081-exec-10] DEBUG o.s.web.servlet.DispatcherServlet - GET "/favicon.ico", parameters={}
2025-07-24 01:33:09 [http-nio-8081-exec-10] DEBUG o.s.w.s.h.SimpleUrlHandlerMapping - Mapped to ResourceHttpRequestHandler [classpath [META-INF/resources/], classpath [resources/], classpath [static/], classpath [public/], ServletContext [/]]
2025-07-24 01:33:09 [http-nio-8081-exec-10] DEBUG o.s.w.s.r.ResourceHttpRequestHandler - Resource not found
2025-07-24 01:33:09 [http-nio-8081-exec-10] DEBUG o.s.w.s.m.m.a.ExceptionHandlerExceptionResolver - Using @ExceptionHandler org.example.turnos.excepciones.GlobalExceptionHandler#manejarExcepcionGeneral(Exception, Model)
2025-07-24 01:33:09 [http-nio-8081-exec-10] DEBUG o.s.w.s.m.m.a.ExceptionHandlerExceptionResolver - Resolved [org.springframework.web.servlet.resource.NoResourceFoundException: No static resource favicon.ico.] to ModelAndView [view="error/errorGeneral"; model={mensajeError=Ha ocurrido un error inesperado: No static resource favicon.ico.}]
2025-07-24 01:33:09 [http-nio-8081-exec-10] DEBUG o.s.web.servlet.DispatcherServlet - Using resolved error view: ModelAndView [view="error/errorGeneral"; model={mensajeError=Ha ocurrido un error inesperado: No static resource favicon.ico.}]
2025-07-24 01:33:09 [http-nio-8081-exec-10] DEBUG o.s.w.s.v.ContentNegotiatingViewResolver - Selected '*/*' given [image/avif, image/webp, image/png, image/svg+xml, image/*;q=0.8, */*;q=0.5]
2025-07-24 01:33:09 [http-nio-8081-exec-10] DEBUG o.s.web.servlet.DispatcherServlet - Completed 200 OK
2025-07-24 01:33:25 [http-nio-8081-exec-1] DEBUG o.s.web.servlet.DispatcherServlet - POST "/servicios/agregar", parameters={masked}
2025-07-24 01:33:25 [http-nio-8081-exec-1] DEBUG o.s.w.s.m.m.a.RequestMappingHandlerMapping - Mapped to org.example.turnos.controlador.ServicioWebControlador#agregarServicio(ServicioDTO, Model)
2025-07-24 01:33:25 [http-nio-8081-exec-1] DEBUG o.s.w.s.v.ContentNegotiatingViewResolver - Selected 'text/html' given [text/html, application/xhtml+xml, application/xml;q=0.9, */*;q=0.8]
2025-07-24 01:33:25 [http-nio-8081-exec-1] DEBUG o.s.web.servlet.DispatcherServlet - Completed 200 OK
2025-07-24 01:33:25 [http-nio-8081-exec-2] DEBUG o.s.web.servlet.DispatcherServlet - GET "/css/general.css", parameters={}
2025-07-24 01:33:25 [http-nio-8081-exec-2] DEBUG o.s.w.s.h.SimpleUrlHandlerMapping - Mapped to ResourceHttpRequestHandler [classpath [META-INF/resources/], classpath [resources/], classpath [static/], classpath [public/], ServletContext [/]]
2025-07-24 01:33:25 [http-nio-8081-exec-2] DEBUG o.s.web.servlet.DispatcherServlet - Completed 200 OK
2025-07-24 01:33:29 [http-nio-8081-exec-3] DEBUG o.s.web.servlet.DispatcherServlet - GET "/servicios/formulario", parameters={}
2025-07-24 01:33:29 [http-nio-8081-exec-3] DEBUG o.s.w.s.m.m.a.RequestMappingHandlerMapping - Mapped to org.example.turnos.controlador.ServicioWebControlador#mostrarFormulario(Model)
2025-07-24 01:33:29 [http-nio-8081-exec-3] DEBUG o.s.w.s.v.ContentNegotiatingViewResolver - Selected 'text/html' given [text/html, application/xhtml+xml, application/xml;q=0.9, */*;q=0.8]
2025-07-24 01:33:29 [http-nio-8081-exec-3] DEBUG o.s.web.servlet.DispatcherServlet - Completed 200 OK
2025-07-24 01:33:29 [http-nio-8081-exec-4] DEBUG o.s.web.servlet.DispatcherServlet - GET "/css/general.css", parameters={}
2025-07-24 01:33:29 [http-nio-8081-exec-4] DEBUG o.s.w.s.h.SimpleUrlHandlerMapping - Mapped to ResourceHttpRequestHandler [classpath [META-INF/resources/], classpath [resources/], classpath [static/], classpath [public/], ServletContext [/]]
2025-07-24 01:33:29 [http-nio-8081-exec-4] DEBUG o.s.web.servlet.DispatcherServlet - Completed 200 OK
2025-07-24 01:33:29 [http-nio-8081-exec-5] DEBUG o.s.web.servlet.DispatcherServlet - GET "/favicon.ico", parameters={}
2025-07-24 01:33:29 [http-nio-8081-exec-5] DEBUG o.s.w.s.h.SimpleUrlHandlerMapping - Mapped to ResourceHttpRequestHandler [classpath [META-INF/resources/], classpath [resources/], classpath [static/], classpath [public/], ServletContext [/]]
2025-07-24 01:33:29 [http-nio-8081-exec-5] DEBUG o.s.w.s.r.ResourceHttpRequestHandler - Resource not found
2025-07-24 01:33:29 [http-nio-8081-exec-5] DEBUG o.s.w.s.m.m.a.ExceptionHandlerExceptionResolver - Using @ExceptionHandler org.example.turnos.excepciones.GlobalExceptionHandler#manejarExcepcionGeneral(Exception, Model)
2025-07-24 01:33:29 [http-nio-8081-exec-5] DEBUG o.s.w.s.m.m.a.ExceptionHandlerExceptionResolver - Resolved [org.springframework.web.servlet.resource.NoResourceFoundException: No static resource favicon.ico.] to ModelAndView [view="error/errorGeneral"; model={mensajeError=Ha ocurrido un error inesperado: No static resource favicon.ico.}]
2025-07-24 01:33:29 [http-nio-8081-exec-5] DEBUG o.s.web.servlet.DispatcherServlet - Using resolved error view: ModelAndView [view="error/errorGeneral"; model={mensajeError=Ha ocurrido un error inesperado: No static resource favicon.ico.}]
2025-07-24 01:33:29 [http-nio-8081-exec-5] DEBUG o.s.w.s.v.ContentNegotiatingViewResolver - Selected '*/*' given [image/avif, image/webp, image/png, image/svg+xml, image/*;q=0.8, */*;q=0.5]
2025-07-24 01:33:29 [http-nio-8081-exec-5] DEBUG o.s.web.servlet.DispatcherServlet - Completed 200 OK
2025-07-24 01:33:31 [http-nio-8081-exec-6] DEBUG o.s.web.servlet.DispatcherServlet - GET "/", parameters={}
2025-07-24 01:33:31 [http-nio-8081-exec-6] DEBUG o.s.w.s.m.m.a.RequestMappingHandlerMapping - Mapped to org.example.turnos.controlador.HomeController#index()
2025-07-24 01:33:31 [http-nio-8081-exec-6] DEBUG o.s.w.s.v.ContentNegotiatingViewResolver - Selected 'text/html' given [text/html, application/xhtml+xml, application/xml;q=0.9, */*;q=0.8]
2025-07-24 01:33:31 [http-nio-8081-exec-6] DEBUG o.s.web.servlet.DispatcherServlet - Completed 200 OK
2025-07-24 01:33:31 [http-nio-8081-exec-7] DEBUG o.s.web.servlet.DispatcherServlet - GET "/css/home.css", parameters={}
2025-07-24 01:33:31 [http-nio-8081-exec-7] DEBUG o.s.w.s.h.SimpleUrlHandlerMapping - Mapped to ResourceHttpRequestHandler [classpath [META-INF/resources/], classpath [resources/], classpath [static/], classpath [public/], ServletContext [/]]
2025-07-24 01:33:31 [http-nio-8081-exec-7] DEBUG o.s.web.servlet.DispatcherServlet - Completed 200 OK
2025-07-24 01:33:31 [http-nio-8081-exec-8] DEBUG o.s.web.servlet.DispatcherServlet - GET "/favicon.ico", parameters={}
2025-07-24 01:33:31 [http-nio-8081-exec-8] DEBUG o.s.w.s.h.SimpleUrlHandlerMapping - Mapped to ResourceHttpRequestHandler [classpath [META-INF/resources/], classpath [resources/], classpath [static/], classpath [public/], ServletContext [/]]
2025-07-24 01:33:31 [http-nio-8081-exec-8] DEBUG o.s.w.s.r.ResourceHttpRequestHandler - Resource not found
2025-07-24 01:33:31 [http-nio-8081-exec-8] DEBUG o.s.w.s.m.m.a.ExceptionHandlerExceptionResolver - Using @ExceptionHandler org.example.turnos.excepciones.GlobalExceptionHandler#manejarExcepcionGeneral(Exception, Model)
2025-07-24 01:33:31 [http-nio-8081-exec-8] DEBUG o.s.w.s.m.m.a.ExceptionHandlerExceptionResolver - Resolved [org.springframework.web.servlet.resource.NoResourceFoundException: No static resource favicon.ico.] to ModelAndView [view="error/errorGeneral"; model={mensajeError=Ha ocurrido un error inesperado: No static resource favicon.ico.}]
2025-07-24 01:33:31 [http-nio-8081-exec-8] DEBUG o.s.web.servlet.DispatcherServlet - Using resolved error view: ModelAndView [view="error/errorGeneral"; model={mensajeError=Ha ocurrido un error inesperado: No static resource favicon.ico.}]
2025-07-24 01:33:31 [http-nio-8081-exec-8] DEBUG o.s.w.s.v.ContentNegotiatingViewResolver - Selected '*/*' given [image/avif, image/webp, image/png, image/svg+xml, image/*;q=0.8, */*;q=0.5]
2025-07-24 01:33:31 [http-nio-8081-exec-8] DEBUG o.s.web.servlet.DispatcherServlet - Completed 200 OK
2025-07-24 01:33:40 [http-nio-8081-exec-9] DEBUG o.s.web.servlet.DispatcherServlet - GET "/lugares/formulario", parameters={}
2025-07-24 01:33:40 [http-nio-8081-exec-9] DEBUG o.s.w.s.m.m.a.RequestMappingHandlerMapping - Mapped to org.example.turnos.controlador.LugarWebControlador#mostrarFormularioBusqueda(Model)
2025-07-24 01:33:40 [http-nio-8081-exec-9] DEBUG o.s.w.s.v.ContentNegotiatingViewResolver - Selected 'text/html' given [text/html, application/xhtml+xml, application/xml;q=0.9, */*;q=0.8]
2025-07-24 01:33:40 [http-nio-8081-exec-9] DEBUG o.s.web.servlet.DispatcherServlet - Completed 200 OK
2025-07-24 01:33:40 [http-nio-8081-exec-10] DEBUG o.s.web.servlet.DispatcherServlet - GET "/css/general.css", parameters={}
2025-07-24 01:33:40 [http-nio-8081-exec-10] DEBUG o.s.w.s.h.SimpleUrlHandlerMapping - Mapped to ResourceHttpRequestHandler [classpath [META-INF/resources/], classpath [resources/], classpath [static/], classpath [public/], ServletContext [/]]
2025-07-24 01:33:40 [http-nio-8081-exec-10] DEBUG o.s.web.servlet.DispatcherServlet - Completed 200 OK
2025-07-24 01:33:40 [http-nio-8081-exec-1] DEBUG o.s.web.servlet.DispatcherServlet - GET "/favicon.ico", parameters={}
2025-07-24 01:33:40 [http-nio-8081-exec-1] DEBUG o.s.w.s.h.SimpleUrlHandlerMapping - Mapped to ResourceHttpRequestHandler [classpath [META-INF/resources/], classpath [resources/], classpath [static/], classpath [public/], ServletContext [/]]
2025-07-24 01:33:40 [http-nio-8081-exec-1] DEBUG o.s.w.s.r.ResourceHttpRequestHandler - Resource not found
2025-07-24 01:33:40 [http-nio-8081-exec-1] DEBUG o.s.w.s.m.m.a.ExceptionHandlerExceptionResolver - Using @ExceptionHandler org.example.turnos.excepciones.GlobalExceptionHandler#manejarExcepcionGeneral(Exception, Model)
2025-07-24 01:33:40 [http-nio-8081-exec-1] DEBUG o.s.w.s.m.m.a.ExceptionHandlerExceptionResolver - Resolved [org.springframework.web.servlet.resource.NoResourceFoundException: No static resource favicon.ico.] to ModelAndView [view="error/errorGeneral"; model={mensajeError=Ha ocurrido un error inesperado: No static resource favicon.ico.}]
2025-07-24 01:33:40 [http-nio-8081-exec-1] DEBUG o.s.web.servlet.DispatcherServlet - Using resolved error view: ModelAndView [view="error/errorGeneral"; model={mensajeError=Ha ocurrido un error inesperado: No static resource favicon.ico.}]
2025-07-24 01:33:40 [http-nio-8081-exec-1] DEBUG o.s.w.s.v.ContentNegotiatingViewResolver - Selected '*/*' given [image/avif, image/webp, image/png, image/svg+xml, image/*;q=0.8, */*;q=0.5]
2025-07-24 01:33:40 [http-nio-8081-exec-1] DEBUG o.s.web.servlet.DispatcherServlet - Completed 200 OK
2025-07-24 01:33:49 [http-nio-8081-exec-2] DEBUG o.s.web.servlet.DispatcherServlet - POST "/lugares/agregar", parameters={masked}
2025-07-24 01:33:49 [http-nio-8081-exec-2] DEBUG o.s.w.s.m.m.a.RequestMappingHandlerMapping - Mapped to org.example.turnos.controlador.LugarWebControlador#agregarLugar(LugarDTO, Model)
2025-07-24 01:33:50 [http-nio-8081-exec-2] DEBUG o.s.w.s.v.ContentNegotiatingViewResolver - Selected 'text/html' given [text/html, application/xhtml+xml, application/xml;q=0.9, */*;q=0.8]
2025-07-24 01:33:50 [http-nio-8081-exec-2] DEBUG o.s.web.servlet.DispatcherServlet - Completed 200 OK
2025-07-24 01:33:50 [http-nio-8081-exec-3] DEBUG o.s.web.servlet.DispatcherServlet - GET "/css/general.css", parameters={}
2025-07-24 01:33:50 [http-nio-8081-exec-3] DEBUG o.s.w.s.h.SimpleUrlHandlerMapping - Mapped to ResourceHttpRequestHandler [classpath [META-INF/resources/], classpath [resources/], classpath [static/], classpath [public/], ServletContext [/]]
2025-07-24 01:33:50 [http-nio-8081-exec-3] DEBUG o.s.web.servlet.DispatcherServlet - Completed 200 OK
2025-07-24 01:33:50 [http-nio-8081-exec-4] DEBUG o.s.web.servlet.DispatcherServlet - GET "/favicon.ico", parameters={}
2025-07-24 01:33:50 [http-nio-8081-exec-4] DEBUG o.s.w.s.h.SimpleUrlHandlerMapping - Mapped to ResourceHttpRequestHandler [classpath [META-INF/resources/], classpath [resources/], classpath [static/], classpath [public/], ServletContext [/]]
2025-07-24 01:33:50 [http-nio-8081-exec-4] DEBUG o.s.w.s.r.ResourceHttpRequestHandler - Resource not found
2025-07-24 01:33:50 [http-nio-8081-exec-4] DEBUG o.s.w.s.m.m.a.ExceptionHandlerExceptionResolver - Using @ExceptionHandler org.example.turnos.excepciones.GlobalExceptionHandler#manejarExcepcionGeneral(Exception, Model)
2025-07-24 01:33:50 [http-nio-8081-exec-4] DEBUG o.s.w.s.m.m.a.ExceptionHandlerExceptionResolver - Resolved [org.springframework.web.servlet.resource.NoResourceFoundException: No static resource favicon.ico.] to ModelAndView [view="error/errorGeneral"; model={mensajeError=Ha ocurrido un error inesperado: No static resource favicon.ico.}]
2025-07-24 01:33:50 [http-nio-8081-exec-4] DEBUG o.s.web.servlet.DispatcherServlet - Using resolved error view: ModelAndView [view="error/errorGeneral"; model={mensajeError=Ha ocurrido un error inesperado: No static resource favicon.ico.}]
2025-07-24 01:33:50 [http-nio-8081-exec-4] DEBUG o.s.w.s.v.ContentNegotiatingViewResolver - Selected '*/*' given [image/avif, image/webp, image/png, image/svg+xml, image/*;q=0.8, */*;q=0.5]
2025-07-24 01:33:50 [http-nio-8081-exec-4] DEBUG o.s.web.servlet.DispatcherServlet - Completed 200 OK
2025-07-24 01:33:51 [http-nio-8081-exec-5] DEBUG o.s.web.servlet.DispatcherServlet - GET "/lugares/formulario", parameters={}
2025-07-24 01:33:51 [http-nio-8081-exec-5] DEBUG o.s.w.s.m.m.a.RequestMappingHandlerMapping - Mapped to org.example.turnos.controlador.LugarWebControlador#mostrarFormularioBusqueda(Model)
2025-07-24 01:33:51 [http-nio-8081-exec-5] DEBUG o.s.w.s.v.ContentNegotiatingViewResolver - Selected 'text/html' given [text/html, application/xhtml+xml, application/xml;q=0.9, */*;q=0.8]
2025-07-24 01:33:51 [http-nio-8081-exec-5] DEBUG o.s.web.servlet.DispatcherServlet - Completed 200 OK
2025-07-24 01:33:51 [http-nio-8081-exec-6] DEBUG o.s.web.servlet.DispatcherServlet - GET "/css/general.css", parameters={}
2025-07-24 01:33:51 [http-nio-8081-exec-6] DEBUG o.s.w.s.h.SimpleUrlHandlerMapping - Mapped to ResourceHttpRequestHandler [classpath [META-INF/resources/], classpath [resources/], classpath [static/], classpath [public/], ServletContext [/]]
2025-07-24 01:33:51 [http-nio-8081-exec-6] DEBUG o.s.web.servlet.DispatcherServlet - Completed 200 OK
2025-07-24 01:33:51 [http-nio-8081-exec-7] DEBUG o.s.web.servlet.DispatcherServlet - GET "/favicon.ico", parameters={}
2025-07-24 01:33:51 [http-nio-8081-exec-7] DEBUG o.s.w.s.h.SimpleUrlHandlerMapping - Mapped to ResourceHttpRequestHandler [classpath [META-INF/resources/], classpath [resources/], classpath [static/], classpath [public/], ServletContext [/]]
2025-07-24 01:33:51 [http-nio-8081-exec-7] DEBUG o.s.w.s.r.ResourceHttpRequestHandler - Resource not found
2025-07-24 01:33:51 [http-nio-8081-exec-7] DEBUG o.s.w.s.m.m.a.ExceptionHandlerExceptionResolver - Using @ExceptionHandler org.example.turnos.excepciones.GlobalExceptionHandler#manejarExcepcionGeneral(Exception, Model)
2025-07-24 01:33:51 [http-nio-8081-exec-7] DEBUG o.s.w.s.m.m.a.ExceptionHandlerExceptionResolver - Resolved [org.springframework.web.servlet.resource.NoResourceFoundException: No static resource favicon.ico.] to ModelAndView [view="error/errorGeneral"; model={mensajeError=Ha ocurrido un error inesperado: No static resource favicon.ico.}]
2025-07-24 01:33:51 [http-nio-8081-exec-7] DEBUG o.s.web.servlet.DispatcherServlet - Using resolved error view: ModelAndView [view="error/errorGeneral"; model={mensajeError=Ha ocurrido un error inesperado: No static resource favicon.ico.}]
2025-07-24 01:33:51 [http-nio-8081-exec-7] DEBUG o.s.w.s.v.ContentNegotiatingViewResolver - Selected '*/*' given [image/avif, image/webp, image/png, image/svg+xml, image/*;q=0.8, */*;q=0.5]
2025-07-24 01:33:51 [http-nio-8081-exec-7] DEBUG o.s.web.servlet.DispatcherServlet - Completed 200 OK
2025-07-24 01:33:56 [http-nio-8081-exec-8] DEBUG o.s.web.servlet.DispatcherServlet - GET "/", parameters={}
2025-07-24 01:33:56 [http-nio-8081-exec-8] DEBUG o.s.w.s.m.m.a.RequestMappingHandlerMapping - Mapped to org.example.turnos.controlador.HomeController#index()
2025-07-24 01:33:56 [http-nio-8081-exec-8] DEBUG o.s.w.s.v.ContentNegotiatingViewResolver - Selected 'text/html' given [text/html, application/xhtml+xml, application/xml;q=0.9, */*;q=0.8]
2025-07-24 01:33:56 [http-nio-8081-exec-8] DEBUG o.s.web.servlet.DispatcherServlet - Completed 200 OK
2025-07-24 01:33:56 [http-nio-8081-exec-9] DEBUG o.s.web.servlet.DispatcherServlet - GET "/css/home.css", parameters={}
2025-07-24 01:33:56 [http-nio-8081-exec-9] DEBUG o.s.w.s.h.SimpleUrlHandlerMapping - Mapped to ResourceHttpRequestHandler [classpath [META-INF/resources/], classpath [resources/], classpath [static/], classpath [public/], ServletContext [/]]
2025-07-24 01:33:56 [http-nio-8081-exec-9] DEBUG o.s.web.servlet.DispatcherServlet - Completed 200 OK
2025-07-24 01:33:58 [http-nio-8081-exec-10] DEBUG o.s.web.servlet.DispatcherServlet - GET "/turnos/formulario", parameters={}
2025-07-24 01:33:58 [http-nio-8081-exec-10] DEBUG o.s.w.s.m.m.a.RequestMappingHandlerMapping - Mapped to org.example.turnos.controlador.TurnoControlador#mostrarFormulario()
2025-07-24 01:33:58 [http-nio-8081-exec-10] DEBUG o.s.w.s.v.ContentNegotiatingViewResolver - Selected 'text/html' given [text/html, application/xhtml+xml, application/xml;q=0.9, */*;q=0.8]
2025-07-24 01:33:58 [http-nio-8081-exec-10] DEBUG o.s.web.servlet.DispatcherServlet - Completed 200 OK
2025-07-24 01:33:58 [http-nio-8081-exec-1] DEBUG o.s.web.servlet.DispatcherServlet - GET "/css/general.css", parameters={}
2025-07-24 01:33:58 [http-nio-8081-exec-1] DEBUG o.s.w.s.h.SimpleUrlHandlerMapping - Mapped to ResourceHttpRequestHandler [classpath [META-INF/resources/], classpath [resources/], classpath [static/], classpath [public/], ServletContext [/]]
2025-07-24 01:33:58 [http-nio-8081-exec-1] DEBUG o.s.web.servlet.DispatcherServlet - Completed 200 OK
2025-07-24 01:33:58 [http-nio-8081-exec-2] DEBUG o.s.web.servlet.DispatcherServlet - GET "/favicon.ico", parameters={}
2025-07-24 01:33:58 [http-nio-8081-exec-2] DEBUG o.s.w.s.h.SimpleUrlHandlerMapping - Mapped to ResourceHttpRequestHandler [classpath [META-INF/resources/], classpath [resources/], classpath [static/], classpath [public/], ServletContext [/]]
2025-07-24 01:33:58 [http-nio-8081-exec-2] DEBUG o.s.w.s.r.ResourceHttpRequestHandler - Resource not found
2025-07-24 01:33:58 [http-nio-8081-exec-2] DEBUG o.s.w.s.m.m.a.ExceptionHandlerExceptionResolver - Using @ExceptionHandler org.example.turnos.excepciones.GlobalExceptionHandler#manejarExcepcionGeneral(Exception, Model)
2025-07-24 01:33:58 [http-nio-8081-exec-2] DEBUG o.s.w.s.m.m.a.ExceptionHandlerExceptionResolver - Resolved [org.springframework.web.servlet.resource.NoResourceFoundException: No static resource favicon.ico.] to ModelAndView [view="error/errorGeneral"; model={mensajeError=Ha ocurrido un error inesperado: No static resource favicon.ico.}]
2025-07-24 01:33:58 [http-nio-8081-exec-2] DEBUG o.s.web.servlet.DispatcherServlet - Using resolved error view: ModelAndView [view="error/errorGeneral"; model={mensajeError=Ha ocurrido un error inesperado: No static resource favicon.ico.}]
2025-07-24 01:33:58 [http-nio-8081-exec-2] DEBUG o.s.w.s.v.ContentNegotiatingViewResolver - Selected '*/*' given [image/avif, image/webp, image/png, image/svg+xml, image/*;q=0.8, */*;q=0.5]
2025-07-24 01:33:58 [http-nio-8081-exec-2] DEBUG o.s.web.servlet.DispatcherServlet - Completed 200 OK
2025-07-24 01:34:30 [http-nio-8081-exec-3] DEBUG o.s.web.servlet.DispatcherServlet - POST "/turnos/agregar", parameters={masked}
2025-07-24 01:34:30 [http-nio-8081-exec-3] DEBUG o.s.w.s.m.m.a.RequestMappingHandlerMapping - Mapped to org.example.turnos.controlador.TurnoControlador#agregarTurno(TurnoDTO, Model)
2025-07-24 01:34:30 [http-nio-8081-exec-3] DEBUG o.s.w.s.v.ContentNegotiatingViewResolver - Selected 'text/html' given [text/html, application/xhtml+xml, application/xml;q=0.9, */*;q=0.8]
2025-07-24 01:34:30 [http-nio-8081-exec-3] ERROR org.thymeleaf.TemplateEngine - [THYMELEAF][http-nio-8081-exec-3] Exception processing template "resultado-turno": Exception evaluating SpringEL expression: "turno.fechaHoraFin" (template: "resultado-turno" - line 17, col 53)
org.thymeleaf.exceptions.TemplateProcessingException: Exception evaluating SpringEL expression: "turno.fechaHoraFin" (template: "resultado-turno" - line 17, col 53)
	at org.thymeleaf.spring6.expression.SPELVariableExpressionEvaluator.evaluate(SPELVariableExpressionEvaluator.java:292)
	at org.thymeleaf.standard.expression.VariableExpression.executeVariableExpression(VariableExpression.java:166)
	at org.thymeleaf.standard.expression.SimpleExpression.executeSimple(SimpleExpression.java:66)
	at org.thymeleaf.standard.expression.Expression.execute(Expression.java:109)
	at org.thymeleaf.standard.expression.Expression.execute(Expression.java:138)
	at org.thymeleaf.standard.processor.AbstractStandardExpressionAttributeTagProcessor.doProcess(AbstractStandardExpressionAttributeTagProcessor.java:144)
	at org.thymeleaf.processor.element.AbstractAttributeTagProcessor.doProcess(AbstractAttributeTagProcessor.java:74)
	at org.thymeleaf.processor.element.AbstractElementTagProcessor.process(AbstractElementTagProcessor.java:95)
	at org.thymeleaf.util.ProcessorConfigurationUtils$ElementTagProcessorWrapper.process(ProcessorConfigurationUtils.java:633)
	at org.thymeleaf.engine.ProcessorTemplateHandler.handleOpenElement(ProcessorTemplateHandler.java:1314)
	at org.thymeleaf.engine.OpenElementTag.beHandled(OpenElementTag.java:205)
	at org.thymeleaf.engine.TemplateModel.process(TemplateModel.java:136)
	at org.thymeleaf.engine.TemplateManager.parseAndProcess(TemplateManager.java:661)
	at org.thymeleaf.TemplateEngine.process(TemplateEngine.java:1103)
	at org.thymeleaf.TemplateEngine.process(TemplateEngine.java:1077)
	at org.thymeleaf.spring6.view.ThymeleafView.renderFragment(ThymeleafView.java:372)
	at org.thymeleaf.spring6.view.ThymeleafView.render(ThymeleafView.java:192)
	at org.springframework.web.servlet.DispatcherServlet.render(DispatcherServlet.java:1437)
	at org.springframework.web.servlet.DispatcherServlet.processDispatchResult(DispatcherServlet.java:1168)
	at org.springframework.web.servlet.DispatcherServlet.doDispatch(DispatcherServlet.java:1106)
	at org.springframework.web.servlet.DispatcherServlet.doService(DispatcherServlet.java:979)
	at org.springframework.web.servlet.FrameworkServlet.processRequest(FrameworkServlet.java:1014)
	at org.springframework.web.servlet.FrameworkServlet.doPost(FrameworkServlet.java:914)
	at jakarta.servlet.http.HttpServlet.service(HttpServlet.java:590)
	at org.springframework.web.servlet.FrameworkServlet.service(FrameworkServlet.java:885)
	at jakarta.servlet.http.HttpServlet.service(HttpServlet.java:658)
	at org.apache.catalina.core.ApplicationFilterChain.internalDoFilter(ApplicationFilterChain.java:195)
	at org.apache.catalina.core.ApplicationFilterChain.doFilter(ApplicationFilterChain.java:140)
	at org.apache.tomcat.websocket.server.WsFilter.doFilter(WsFilter.java:51)
	at org.apache.catalina.core.ApplicationFilterChain.internalDoFilter(ApplicationFilterChain.java:164)
	at org.apache.catalina.core.ApplicationFilterChain.doFilter(ApplicationFilterChain.java:140)
	at org.springframework.web.filter.CompositeFilter$VirtualFilterChain.doFilter(CompositeFilter.java:108)
	at org.springframework.web.filter.CompositeFilter$VirtualFilterChain.doFilter(CompositeFilter.java:108)
	at org.springframework.security.web.FilterChainProxy.lambda$doFilterInternal$3(FilterChainProxy.java:231)
	at org.springframework.security.web.FilterChainProxy$VirtualFilterChain.doFilter(FilterChainProxy.java:365)
	at org.springframework.security.web.access.intercept.AuthorizationFilter.doFilter(AuthorizationFilter.java:101)
	at org.springframework.security.web.FilterChainProxy$VirtualFilterChain.doFilter(FilterChainProxy.java:374)
	at org.springframework.security.web.access.ExceptionTranslationFilter.doFilter(ExceptionTranslationFilter.java:125)
	at org.springframework.security.web.access.ExceptionTranslationFilter.doFilter(ExceptionTranslationFilter.java:119)
	at org.springframework.security.web.FilterChainProxy$VirtualFilterChain.doFilter(FilterChainProxy.java:374)
	at org.springframework.security.web.authentication.AnonymousAuthenticationFilter.doFilter(AnonymousAuthenticationFilter.java:100)
	at org.springframework.security.web.FilterChainProxy$VirtualFilterChain.doFilter(FilterChainProxy.java:374)
	at org.springframework.security.web.servletapi.SecurityContextHolderAwareRequestFilter.doFilter(SecurityContextHolderAwareRequestFilter.java:179)
	at org.springframework.security.web.FilterChainProxy$VirtualFilterChain.doFilter(FilterChainProxy.java:374)
	at org.springframework.security.web.savedrequest.RequestCacheAwareFilter.doFilter(RequestCacheAwareFilter.java:63)
	at org.springframework.security.web.FilterChainProxy$VirtualFilterChain.doFilter(FilterChainProxy.java:374)
	at org.springframework.security.web.authentication.AbstractAuthenticationProcessingFilter.doFilter(AbstractAuthenticationProcessingFilter.java:235)
	at org.springframework.security.web.authentication.AbstractAuthenticationProcessingFilter.doFilter(AbstractAuthenticationProcessingFilter.java:229)
	at org.springframework.security.web.FilterChainProxy$VirtualFilterChain.doFilter(FilterChainProxy.java:374)
	at org.springframework.security.web.authentication.logout.LogoutFilter.doFilter(LogoutFilter.java:107)
	at org.springframework.security.web.authentication.logout.LogoutFilter.doFilter(LogoutFilter.java:93)
	at org.springframework.security.web.FilterChainProxy$VirtualFilterChain.doFilter(FilterChainProxy.java:374)
	at org.springframework.security.web.header.HeaderWriterFilter.doHeadersAfter(HeaderWriterFilter.java:90)
	at org.springframework.security.web.header.HeaderWriterFilter.doFilterInternal(HeaderWriterFilter.java:75)
	at org.springframework.web.filter.OncePerRequestFilter.doFilter(OncePerRequestFilter.java:116)
	at org.springframework.security.web.FilterChainProxy$VirtualFilterChain.doFilter(FilterChainProxy.java:374)
	at org.springframework.security.web.context.SecurityContextHolderFilter.doFilter(SecurityContextHolderFilter.java:82)
	at org.springframework.security.web.context.SecurityContextHolderFilter.doFilter(SecurityContextHolderFilter.java:69)
	at org.springframework.security.web.FilterChainProxy$VirtualFilterChain.doFilter(FilterChainProxy.java:374)
	at org.springframework.security.web.context.request.async.WebAsyncManagerIntegrationFilter.doFilterInternal(WebAsyncManagerIntegrationFilter.java:62)
	at org.springframework.web.filter.OncePerRequestFilter.doFilter(OncePerRequestFilter.java:116)
	at org.springframework.security.web.FilterChainProxy$VirtualFilterChain.doFilter(FilterChainProxy.java:374)
	at org.springframework.security.web.session.DisableEncodeUrlFilter.doFilterInternal(DisableEncodeUrlFilter.java:42)
	at org.springframework.web.filter.OncePerRequestFilter.doFilter(OncePerRequestFilter.java:116)
	at org.springframework.security.web.FilterChainProxy$VirtualFilterChain.doFilter(FilterChainProxy.java:374)
	at org.springframework.security.web.FilterChainProxy.doFilterInternal(FilterChainProxy.java:233)
	at org.springframework.security.web.FilterChainProxy.doFilter(FilterChainProxy.java:191)
	at org.springframework.web.filter.CompositeFilter$VirtualFilterChain.doFilter(CompositeFilter.java:113)
	at org.springframework.web.filter.ServletRequestPathFilter.doFilter(ServletRequestPathFilter.java:52)
	at org.springframework.web.filter.CompositeFilter$VirtualFilterChain.doFilter(CompositeFilter.java:113)
	at org.springframework.web.filter.CompositeFilter.doFilter(CompositeFilter.java:74)
	at org.springframework.security.config.annotation.web.configuration.WebSecurityConfiguration$CompositeFilterChainProxy.doFilter(WebSecurityConfiguration.java:319)
	at org.springframework.web.filter.CompositeFilter$VirtualFilterChain.doFilter(CompositeFilter.java:113)
	at org.springframework.web.servlet.handler.HandlerMappingIntrospector.lambda$createCacheFilter$3(HandlerMappingIntrospector.java:243)
	at org.springframework.web.filter.CompositeFilter$VirtualFilterChain.doFilter(CompositeFilter.java:113)
	at org.springframework.web.filter.CompositeFilter.doFilter(CompositeFilter.java:74)
	at org.springframework.security.config.annotation.web.configuration.WebMvcSecurityConfiguration$CompositeFilterChainProxy.doFilter(WebMvcSecurityConfiguration.java:240)
	at org.springframework.web.filter.DelegatingFilterProxy.invokeDelegate(DelegatingFilterProxy.java:362)
	at org.springframework.web.filter.DelegatingFilterProxy.doFilter(DelegatingFilterProxy.java:278)
	at org.apache.catalina.core.ApplicationFilterChain.internalDoFilter(ApplicationFilterChain.java:164)
	at org.apache.catalina.core.ApplicationFilterChain.doFilter(ApplicationFilterChain.java:140)
	at org.springframework.web.filter.RequestContextFilter.doFilterInternal(RequestContextFilter.java:100)
	at org.springframework.web.filter.OncePerRequestFilter.doFilter(OncePerRequestFilter.java:116)
	at org.apache.catalina.core.ApplicationFilterChain.internalDoFilter(ApplicationFilterChain.java:164)
	at org.apache.catalina.core.ApplicationFilterChain.doFilter(ApplicationFilterChain.java:140)
	at org.springframework.web.filter.FormContentFilter.doFilterInternal(FormContentFilter.java:93)
	at org.springframework.web.filter.OncePerRequestFilter.doFilter(OncePerRequestFilter.java:116)
	at org.apache.catalina.core.ApplicationFilterChain.internalDoFilter(ApplicationFilterChain.java:164)
	at org.apache.catalina.core.ApplicationFilterChain.doFilter(ApplicationFilterChain.java:140)
	at org.springframework.web.filter.CharacterEncodingFilter.doFilterInternal(CharacterEncodingFilter.java:201)
	at org.springframework.web.filter.OncePerRequestFilter.doFilter(OncePerRequestFilter.java:116)
	at org.apache.catalina.core.ApplicationFilterChain.internalDoFilter(ApplicationFilterChain.java:164)
	at org.apache.catalina.core.ApplicationFilterChain.doFilter(ApplicationFilterChain.java:140)
	at org.apache.catalina.core.StandardWrapperValve.invoke(StandardWrapperValve.java:167)
	at org.apache.catalina.core.StandardContextValve.invoke(StandardContextValve.java:90)
	at org.apache.catalina.authenticator.AuthenticatorBase.invoke(AuthenticatorBase.java:483)
	at org.apache.catalina.core.StandardHostValve.invoke(StandardHostValve.java:116)
	at org.apache.catalina.valves.ErrorReportValve.invoke(ErrorReportValve.java:93)
	at org.apache.catalina.core.StandardEngineValve.invoke(StandardEngineValve.java:74)
	at org.apache.catalina.connector.CoyoteAdapter.service(CoyoteAdapter.java:344)
	at org.apache.coyote.http11.Http11Processor.service(Http11Processor.java:398)
	at org.apache.coyote.AbstractProcessorLight.process(AbstractProcessorLight.java:63)
	at org.apache.coyote.AbstractProtocol$ConnectionHandler.process(AbstractProtocol.java:903)
	at org.apache.tomcat.util.net.NioEndpoint$SocketProcessor.doRun(NioEndpoint.java:1740)
	at org.apache.tomcat.util.net.SocketProcessorBase.run(SocketProcessorBase.java:52)
	at org.apache.tomcat.util.threads.ThreadPoolExecutor.runWorker(ThreadPoolExecutor.java:1189)
	at org.apache.tomcat.util.threads.ThreadPoolExecutor$Worker.run(ThreadPoolExecutor.java:658)
	at org.apache.tomcat.util.threads.TaskThread$WrappingRunnable.run(TaskThread.java:63)
	at java.base/java.lang.Thread.run(Thread.java:833)
Caused by: org.springframework.expression.spel.SpelEvaluationException: EL1008E: Property or field 'fechaHoraFin' cannot be found on object of type 'org.example.turnos.dtos.TurnoDTO' - maybe not public or not valid?
	at org.springframework.expression.spel.ast.PropertyOrFieldReference.readProperty(PropertyOrFieldReference.java:229)
	at org.springframework.expression.spel.ast.PropertyOrFieldReference.getValueInternal(PropertyOrFieldReference.java:112)
	at org.springframework.expression.spel.ast.PropertyOrFieldReference$AccessorValueRef.getValue(PropertyOrFieldReference.java:376)
	at org.springframework.expression.spel.ast.CompoundExpression.getValueInternal(CompoundExpression.java:97)
	at org.springframework.expression.spel.ast.SpelNodeImpl.getValue(SpelNodeImpl.java:116)
	at org.springframework.expression.spel.standard.SpelExpression.getValue(SpelExpression.java:338)
	at org.thymeleaf.spring6.expression.SPELVariableExpressionEvaluator.evaluate(SPELVariableExpressionEvaluator.java:265)
	... 108 common frames omitted
2025-07-24 01:34:30 [http-nio-8081-exec-3] DEBUG o.s.web.servlet.DispatcherServlet - Error rendering view [org.thymeleaf.spring6.view.ThymeleafView@57efb3fb]
org.thymeleaf.exceptions.TemplateProcessingException: Exception evaluating SpringEL expression: "turno.fechaHoraFin" (template: "resultado-turno" - line 17, col 53)
	at org.thymeleaf.spring6.expression.SPELVariableExpressionEvaluator.evaluate(SPELVariableExpressionEvaluator.java:292)
	at org.thymeleaf.standard.expression.VariableExpression.executeVariableExpression(VariableExpression.java:166)
	at org.thymeleaf.standard.expression.SimpleExpression.executeSimple(SimpleExpression.java:66)
	at org.thymeleaf.standard.expression.Expression.execute(Expression.java:109)
	at org.thymeleaf.standard.expression.Expression.execute(Expression.java:138)
	at org.thymeleaf.standard.processor.AbstractStandardExpressionAttributeTagProcessor.doProcess(AbstractStandardExpressionAttributeTagProcessor.java:144)
	at org.thymeleaf.processor.element.AbstractAttributeTagProcessor.doProcess(AbstractAttributeTagProcessor.java:74)
	at org.thymeleaf.processor.element.AbstractElementTagProcessor.process(AbstractElementTagProcessor.java:95)
	at org.thymeleaf.util.ProcessorConfigurationUtils$ElementTagProcessorWrapper.process(ProcessorConfigurationUtils.java:633)
	at org.thymeleaf.engine.ProcessorTemplateHandler.handleOpenElement(ProcessorTemplateHandler.java:1314)
	at org.thymeleaf.engine.OpenElementTag.beHandled(OpenElementTag.java:205)
	at org.thymeleaf.engine.TemplateModel.process(TemplateModel.java:136)
	at org.thymeleaf.engine.TemplateManager.parseAndProcess(TemplateManager.java:661)
	at org.thymeleaf.TemplateEngine.process(TemplateEngine.java:1103)
	at org.thymeleaf.TemplateEngine.process(TemplateEngine.java:1077)
	at org.thymeleaf.spring6.view.ThymeleafView.renderFragment(ThymeleafView.java:372)
	at org.thymeleaf.spring6.view.ThymeleafView.render(ThymeleafView.java:192)
	at org.springframework.web.servlet.DispatcherServlet.render(DispatcherServlet.java:1437)
	at org.springframework.web.servlet.DispatcherServlet.processDispatchResult(DispatcherServlet.java:1168)
	at org.springframework.web.servlet.DispatcherServlet.doDispatch(DispatcherServlet.java:1106)
	at org.springframework.web.servlet.DispatcherServlet.doService(DispatcherServlet.java:979)
	at org.springframework.web.servlet.FrameworkServlet.processRequest(FrameworkServlet.java:1014)
	at org.springframework.web.servlet.FrameworkServlet.doPost(FrameworkServlet.java:914)
	at jakarta.servlet.http.HttpServlet.service(HttpServlet.java:590)
	at org.springframework.web.servlet.FrameworkServlet.service(FrameworkServlet.java:885)
	at jakarta.servlet.http.HttpServlet.service(HttpServlet.java:658)
	at org.apache.catalina.core.ApplicationFilterChain.internalDoFilter(ApplicationFilterChain.java:195)
	at org.apache.catalina.core.ApplicationFilterChain.doFilter(ApplicationFilterChain.java:140)
	at org.apache.tomcat.websocket.server.WsFilter.doFilter(WsFilter.java:51)
	at org.apache.catalina.core.ApplicationFilterChain.internalDoFilter(ApplicationFilterChain.java:164)
	at org.apache.catalina.core.ApplicationFilterChain.doFilter(ApplicationFilterChain.java:140)
	at org.springframework.web.filter.CompositeFilter$VirtualFilterChain.doFilter(CompositeFilter.java:108)
	at org.springframework.web.filter.CompositeFilter$VirtualFilterChain.doFilter(CompositeFilter.java:108)
	at org.springframework.security.web.FilterChainProxy.lambda$doFilterInternal$3(FilterChainProxy.java:231)
	at org.springframework.security.web.FilterChainProxy$VirtualFilterChain.doFilter(FilterChainProxy.java:365)
	at org.springframework.security.web.access.intercept.AuthorizationFilter.doFilter(AuthorizationFilter.java:101)
	at org.springframework.security.web.FilterChainProxy$VirtualFilterChain.doFilter(FilterChainProxy.java:374)
	at org.springframework.security.web.access.ExceptionTranslationFilter.doFilter(ExceptionTranslationFilter.java:125)
	at org.springframework.security.web.access.ExceptionTranslationFilter.doFilter(ExceptionTranslationFilter.java:119)
	at org.springframework.security.web.FilterChainProxy$VirtualFilterChain.doFilter(FilterChainProxy.java:374)
	at org.springframework.security.web.authentication.AnonymousAuthenticationFilter.doFilter(AnonymousAuthenticationFilter.java:100)
	at org.springframework.security.web.FilterChainProxy$VirtualFilterChain.doFilter(FilterChainProxy.java:374)
	at org.springframework.security.web.servletapi.SecurityContextHolderAwareRequestFilter.doFilter(SecurityContextHolderAwareRequestFilter.java:179)
	at org.springframework.security.web.FilterChainProxy$VirtualFilterChain.doFilter(FilterChainProxy.java:374)
	at org.springframework.security.web.savedrequest.RequestCacheAwareFilter.doFilter(RequestCacheAwareFilter.java:63)
	at org.springframework.security.web.FilterChainProxy$VirtualFilterChain.doFilter(FilterChainProxy.java:374)
	at org.springframework.security.web.authentication.AbstractAuthenticationProcessingFilter.doFilter(AbstractAuthenticationProcessingFilter.java:235)
	at org.springframework.security.web.authentication.AbstractAuthenticationProcessingFilter.doFilter(AbstractAuthenticationProcessingFilter.java:229)
	at org.springframework.security.web.FilterChainProxy$VirtualFilterChain.doFilter(FilterChainProxy.java:374)
	at org.springframework.security.web.authentication.logout.LogoutFilter.doFilter(LogoutFilter.java:107)
	at org.springframework.security.web.authentication.logout.LogoutFilter.doFilter(LogoutFilter.java:93)
	at org.springframework.security.web.FilterChainProxy$VirtualFilterChain.doFilter(FilterChainProxy.java:374)
	at org.springframework.security.web.header.HeaderWriterFilter.doHeadersAfter(HeaderWriterFilter.java:90)
	at org.springframework.security.web.header.HeaderWriterFilter.doFilterInternal(HeaderWriterFilter.java:75)
	at org.springframework.web.filter.OncePerRequestFilter.doFilter(OncePerRequestFilter.java:116)
	at org.springframework.security.web.FilterChainProxy$VirtualFilterChain.doFilter(FilterChainProxy.java:374)
	at org.springframework.security.web.context.SecurityContextHolderFilter.doFilter(SecurityContextHolderFilter.java:82)
	at org.springframework.security.web.context.SecurityContextHolderFilter.doFilter(SecurityContextHolderFilter.java:69)
	at org.springframework.security.web.FilterChainProxy$VirtualFilterChain.doFilter(FilterChainProxy.java:374)
	at org.springframework.security.web.context.request.async.WebAsyncManagerIntegrationFilter.doFilterInternal(WebAsyncManagerIntegrationFilter.java:62)
	at org.springframework.web.filter.OncePerRequestFilter.doFilter(OncePerRequestFilter.java:116)
	at org.springframework.security.web.FilterChainProxy$VirtualFilterChain.doFilter(FilterChainProxy.java:374)
	at org.springframework.security.web.session.DisableEncodeUrlFilter.doFilterInternal(DisableEncodeUrlFilter.java:42)
	at org.springframework.web.filter.OncePerRequestFilter.doFilter(OncePerRequestFilter.java:116)
	at org.springframework.security.web.FilterChainProxy$VirtualFilterChain.doFilter(FilterChainProxy.java:374)
	at org.springframework.security.web.FilterChainProxy.doFilterInternal(FilterChainProxy.java:233)
	at org.springframework.security.web.FilterChainProxy.doFilter(FilterChainProxy.java:191)
	at org.springframework.web.filter.CompositeFilter$VirtualFilterChain.doFilter(CompositeFilter.java:113)
	at org.springframework.web.filter.ServletRequestPathFilter.doFilter(ServletRequestPathFilter.java:52)
	at org.springframework.web.filter.CompositeFilter$VirtualFilterChain.doFilter(CompositeFilter.java:113)
	at org.springframework.web.filter.CompositeFilter.doFilter(CompositeFilter.java:74)
	at org.springframework.security.config.annotation.web.configuration.WebSecurityConfiguration$CompositeFilterChainProxy.doFilter(WebSecurityConfiguration.java:319)
	at org.springframework.web.filter.CompositeFilter$VirtualFilterChain.doFilter(CompositeFilter.java:113)
	at org.springframework.web.servlet.handler.HandlerMappingIntrospector.lambda$createCacheFilter$3(HandlerMappingIntrospector.java:243)
	at org.springframework.web.filter.CompositeFilter$VirtualFilterChain.doFilter(CompositeFilter.java:113)
	at org.springframework.web.filter.CompositeFilter.doFilter(CompositeFilter.java:74)
	at org.springframework.security.config.annotation.web.configuration.WebMvcSecurityConfiguration$CompositeFilterChainProxy.doFilter(WebMvcSecurityConfiguration.java:240)
	at org.springframework.web.filter.DelegatingFilterProxy.invokeDelegate(DelegatingFilterProxy.java:362)
	at org.springframework.web.filter.DelegatingFilterProxy.doFilter(DelegatingFilterProxy.java:278)
	at org.apache.catalina.core.ApplicationFilterChain.internalDoFilter(ApplicationFilterChain.java:164)
	at org.apache.catalina.core.ApplicationFilterChain.doFilter(ApplicationFilterChain.java:140)
	at org.springframework.web.filter.RequestContextFilter.doFilterInternal(RequestContextFilter.java:100)
	at org.springframework.web.filter.OncePerRequestFilter.doFilter(OncePerRequestFilter.java:116)
	at org.apache.catalina.core.ApplicationFilterChain.internalDoFilter(ApplicationFilterChain.java:164)
	at org.apache.catalina.core.ApplicationFilterChain.doFilter(ApplicationFilterChain.java:140)
	at org.springframework.web.filter.FormContentFilter.doFilterInternal(FormContentFilter.java:93)
	at org.springframework.web.filter.OncePerRequestFilter.doFilter(OncePerRequestFilter.java:116)
	at org.apache.catalina.core.ApplicationFilterChain.internalDoFilter(ApplicationFilterChain.java:164)
	at org.apache.catalina.core.ApplicationFilterChain.doFilter(ApplicationFilterChain.java:140)
	at org.springframework.web.filter.CharacterEncodingFilter.doFilterInternal(CharacterEncodingFilter.java:201)
	at org.springframework.web.filter.OncePerRequestFilter.doFilter(OncePerRequestFilter.java:116)
	at org.apache.catalina.core.ApplicationFilterChain.internalDoFilter(ApplicationFilterChain.java:164)
	at org.apache.catalina.core.ApplicationFilterChain.doFilter(ApplicationFilterChain.java:140)
	at org.apache.catalina.core.StandardWrapperValve.invoke(StandardWrapperValve.java:167)
	at org.apache.catalina.core.StandardContextValve.invoke(StandardContextValve.java:90)
	at org.apache.catalina.authenticator.AuthenticatorBase.invoke(AuthenticatorBase.java:483)
	at org.apache.catalina.core.StandardHostValve.invoke(StandardHostValve.java:116)
	at org.apache.catalina.valves.ErrorReportValve.invoke(ErrorReportValve.java:93)
	at org.apache.catalina.core.StandardEngineValve.invoke(StandardEngineValve.java:74)
	at org.apache.catalina.connector.CoyoteAdapter.service(CoyoteAdapter.java:344)
	at org.apache.coyote.http11.Http11Processor.service(Http11Processor.java:398)
	at org.apache.coyote.AbstractProcessorLight.process(AbstractProcessorLight.java:63)
	at org.apache.coyote.AbstractProtocol$ConnectionHandler.process(AbstractProtocol.java:903)
	at org.apache.tomcat.util.net.NioEndpoint$SocketProcessor.doRun(NioEndpoint.java:1740)
	at org.apache.tomcat.util.net.SocketProcessorBase.run(SocketProcessorBase.java:52)
	at org.apache.tomcat.util.threads.ThreadPoolExecutor.runWorker(ThreadPoolExecutor.java:1189)
	at org.apache.tomcat.util.threads.ThreadPoolExecutor$Worker.run(ThreadPoolExecutor.java:658)
	at org.apache.tomcat.util.threads.TaskThread$WrappingRunnable.run(TaskThread.java:63)
	at java.base/java.lang.Thread.run(Thread.java:833)
Caused by: org.springframework.expression.spel.SpelEvaluationException: EL1008E: Property or field 'fechaHoraFin' cannot be found on object of type 'org.example.turnos.dtos.TurnoDTO' - maybe not public or not valid?
	at org.springframework.expression.spel.ast.PropertyOrFieldReference.readProperty(PropertyOrFieldReference.java:229)
	at org.springframework.expression.spel.ast.PropertyOrFieldReference.getValueInternal(PropertyOrFieldReference.java:112)
	at org.springframework.expression.spel.ast.PropertyOrFieldReference$AccessorValueRef.getValue(PropertyOrFieldReference.java:376)
	at org.springframework.expression.spel.ast.CompoundExpression.getValueInternal(CompoundExpression.java:97)
	at org.springframework.expression.spel.ast.SpelNodeImpl.getValue(SpelNodeImpl.java:116)
	at org.springframework.expression.spel.standard.SpelExpression.getValue(SpelExpression.java:338)
	at org.thymeleaf.spring6.expression.SPELVariableExpressionEvaluator.evaluate(SPELVariableExpressionEvaluator.java:265)
	... 108 common frames omitted
2025-07-24 01:34:30 [http-nio-8081-exec-3] DEBUG o.s.web.servlet.DispatcherServlet - Failed to complete request: org.thymeleaf.exceptions.TemplateProcessingException: Exception evaluating SpringEL expression: "turno.fechaHoraFin" (template: "resultado-turno" - line 17, col 53)
2025-07-24 01:34:30 [http-nio-8081-exec-3] ERROR o.a.c.c.C.[.[.[.[dispatcherServlet] - Servlet.service() for servlet [dispatcherServlet] in context with path [] threw exception [Request processing failed: org.thymeleaf.exceptions.TemplateProcessingException: Exception evaluating SpringEL expression: "turno.fechaHoraFin" (template: "resultado-turno" - line 17, col 53)] with root cause
org.springframework.expression.spel.SpelEvaluationException: EL1008E: Property or field 'fechaHoraFin' cannot be found on object of type 'org.example.turnos.dtos.TurnoDTO' - maybe not public or not valid?
	at org.springframework.expression.spel.ast.PropertyOrFieldReference.readProperty(PropertyOrFieldReference.java:229)
	at org.springframework.expression.spel.ast.PropertyOrFieldReference.getValueInternal(PropertyOrFieldReference.java:112)
	at org.springframework.expression.spel.ast.PropertyOrFieldReference$AccessorValueRef.getValue(PropertyOrFieldReference.java:376)
	at org.springframework.expression.spel.ast.CompoundExpression.getValueInternal(CompoundExpression.java:97)
	at org.springframework.expression.spel.ast.SpelNodeImpl.getValue(SpelNodeImpl.java:116)
	at org.springframework.expression.spel.standard.SpelExpression.getValue(SpelExpression.java:338)
	at org.thymeleaf.spring6.expression.SPELVariableExpressionEvaluator.evaluate(SPELVariableExpressionEvaluator.java:265)
	at org.thymeleaf.standard.expression.VariableExpression.executeVariableExpression(VariableExpression.java:166)
	at org.thymeleaf.standard.expression.SimpleExpression.executeSimple(SimpleExpression.java:66)
	at org.thymeleaf.standard.expression.Expression.execute(Expression.java:109)
	at org.thymeleaf.standard.expression.Expression.execute(Expression.java:138)
	at org.thymeleaf.standard.processor.AbstractStandardExpressionAttributeTagProcessor.doProcess(AbstractStandardExpressionAttributeTagProcessor.java:144)
	at org.thymeleaf.processor.element.AbstractAttributeTagProcessor.doProcess(AbstractAttributeTagProcessor.java:74)
	at org.thymeleaf.processor.element.AbstractElementTagProcessor.process(AbstractElementTagProcessor.java:95)
	at org.thymeleaf.util.ProcessorConfigurationUtils$ElementTagProcessorWrapper.process(ProcessorConfigurationUtils.java:633)
	at org.thymeleaf.engine.ProcessorTemplateHandler.handleOpenElement(ProcessorTemplateHandler.java:1314)
	at org.thymeleaf.engine.OpenElementTag.beHandled(OpenElementTag.java:205)
	at org.thymeleaf.engine.TemplateModel.process(TemplateModel.java:136)
	at org.thymeleaf.engine.TemplateManager.parseAndProcess(TemplateManager.java:661)
	at org.thymeleaf.TemplateEngine.process(TemplateEngine.java:1103)
	at org.thymeleaf.TemplateEngine.process(TemplateEngine.java:1077)
	at org.thymeleaf.spring6.view.ThymeleafView.renderFragment(ThymeleafView.java:372)
	at org.thymeleaf.spring6.view.ThymeleafView.render(ThymeleafView.java:192)
	at org.springframework.web.servlet.DispatcherServlet.render(DispatcherServlet.java:1437)
	at org.springframework.web.servlet.DispatcherServlet.processDispatchResult(DispatcherServlet.java:1168)
	at org.springframework.web.servlet.DispatcherServlet.doDispatch(DispatcherServlet.java:1106)
	at org.springframework.web.servlet.DispatcherServlet.doService(DispatcherServlet.java:979)
	at org.springframework.web.servlet.FrameworkServlet.processRequest(FrameworkServlet.java:1014)
	at org.springframework.web.servlet.FrameworkServlet.doPost(FrameworkServlet.java:914)
	at jakarta.servlet.http.HttpServlet.service(HttpServlet.java:590)
	at org.springframework.web.servlet.FrameworkServlet.service(FrameworkServlet.java:885)
	at jakarta.servlet.http.HttpServlet.service(HttpServlet.java:658)
	at org.apache.catalina.core.ApplicationFilterChain.internalDoFilter(ApplicationFilterChain.java:195)
	at org.apache.catalina.core.ApplicationFilterChain.doFilter(ApplicationFilterChain.java:140)
	at org.apache.tomcat.websocket.server.WsFilter.doFilter(WsFilter.java:51)
	at org.apache.catalina.core.ApplicationFilterChain.internalDoFilter(ApplicationFilterChain.java:164)
	at org.apache.catalina.core.ApplicationFilterChain.doFilter(ApplicationFilterChain.java:140)
	at org.springframework.web.filter.CompositeFilter$VirtualFilterChain.doFilter(CompositeFilter.java:108)
	at org.springframework.web.filter.CompositeFilter$VirtualFilterChain.doFilter(CompositeFilter.java:108)
	at org.springframework.security.web.FilterChainProxy.lambda$doFilterInternal$3(FilterChainProxy.java:231)
	at org.springframework.security.web.FilterChainProxy$VirtualFilterChain.doFilter(FilterChainProxy.java:365)
	at org.springframework.security.web.access.intercept.AuthorizationFilter.doFilter(AuthorizationFilter.java:101)
	at org.springframework.security.web.FilterChainProxy$VirtualFilterChain.doFilter(FilterChainProxy.java:374)
	at org.springframework.security.web.access.ExceptionTranslationFilter.doFilter(ExceptionTranslationFilter.java:125)
	at org.springframework.security.web.access.ExceptionTranslationFilter.doFilter(ExceptionTranslationFilter.java:119)
	at org.springframework.security.web.FilterChainProxy$VirtualFilterChain.doFilter(FilterChainProxy.java:374)
	at org.springframework.security.web.authentication.AnonymousAuthenticationFilter.doFilter(AnonymousAuthenticationFilter.java:100)
	at org.springframework.security.web.FilterChainProxy$VirtualFilterChain.doFilter(FilterChainProxy.java:374)
	at org.springframework.security.web.servletapi.SecurityContextHolderAwareRequestFilter.doFilter(SecurityContextHolderAwareRequestFilter.java:179)
	at org.springframework.security.web.FilterChainProxy$VirtualFilterChain.doFilter(FilterChainProxy.java:374)
	at org.springframework.security.web.savedrequest.RequestCacheAwareFilter.doFilter(RequestCacheAwareFilter.java:63)
	at org.springframework.security.web.FilterChainProxy$VirtualFilterChain.doFilter(FilterChainProxy.java:374)
	at org.springframework.security.web.authentication.AbstractAuthenticationProcessingFilter.doFilter(AbstractAuthenticationProcessingFilter.java:235)
	at org.springframework.security.web.authentication.AbstractAuthenticationProcessingFilter.doFilter(AbstractAuthenticationProcessingFilter.java:229)
	at org.springframework.security.web.FilterChainProxy$VirtualFilterChain.doFilter(FilterChainProxy.java:374)
	at org.springframework.security.web.authentication.logout.LogoutFilter.doFilter(LogoutFilter.java:107)
	at org.springframework.security.web.authentication.logout.LogoutFilter.doFilter(LogoutFilter.java:93)
	at org.springframework.security.web.FilterChainProxy$VirtualFilterChain.doFilter(FilterChainProxy.java:374)
	at org.springframework.security.web.header.HeaderWriterFilter.doHeadersAfter(HeaderWriterFilter.java:90)
	at org.springframework.security.web.header.HeaderWriterFilter.doFilterInternal(HeaderWriterFilter.java:75)
	at org.springframework.web.filter.OncePerRequestFilter.doFilter(OncePerRequestFilter.java:116)
	at org.springframework.security.web.FilterChainProxy$VirtualFilterChain.doFilter(FilterChainProxy.java:374)
	at org.springframework.security.web.context.SecurityContextHolderFilter.doFilter(SecurityContextHolderFilter.java:82)
	at org.springframework.security.web.context.SecurityContextHolderFilter.doFilter(SecurityContextHolderFilter.java:69)
	at org.springframework.security.web.FilterChainProxy$VirtualFilterChain.doFilter(FilterChainProxy.java:374)
	at org.springframework.security.web.context.request.async.WebAsyncManagerIntegrationFilter.doFilterInternal(WebAsyncManagerIntegrationFilter.java:62)
	at org.springframework.web.filter.OncePerRequestFilter.doFilter(OncePerRequestFilter.java:116)
	at org.springframework.security.web.FilterChainProxy$VirtualFilterChain.doFilter(FilterChainProxy.java:374)
	at org.springframework.security.web.session.DisableEncodeUrlFilter.doFilterInternal(DisableEncodeUrlFilter.java:42)
	at org.springframework.web.filter.OncePerRequestFilter.doFilter(OncePerRequestFilter.java:116)
	at org.springframework.security.web.FilterChainProxy$VirtualFilterChain.doFilter(FilterChainProxy.java:374)
	at org.springframework.security.web.FilterChainProxy.doFilterInternal(FilterChainProxy.java:233)
	at org.springframework.security.web.FilterChainProxy.doFilter(FilterChainProxy.java:191)
	at org.springframework.web.filter.CompositeFilter$VirtualFilterChain.doFilter(CompositeFilter.java:113)
	at org.springframework.web.filter.ServletRequestPathFilter.doFilter(ServletRequestPathFilter.java:52)
	at org.springframework.web.filter.CompositeFilter$VirtualFilterChain.doFilter(CompositeFilter.java:113)
	at org.springframework.web.filter.CompositeFilter.doFilter(CompositeFilter.java:74)
	at org.springframework.security.config.annotation.web.configuration.WebSecurityConfiguration$CompositeFilterChainProxy.doFilter(WebSecurityConfiguration.java:319)
	at org.springframework.web.filter.CompositeFilter$VirtualFilterChain.doFilter(CompositeFilter.java:113)
	at org.springframework.web.servlet.handler.HandlerMappingIntrospector.lambda$createCacheFilter$3(HandlerMappingIntrospector.java:243)
	at org.springframework.web.filter.CompositeFilter$VirtualFilterChain.doFilter(CompositeFilter.java:113)
	at org.springframework.web.filter.CompositeFilter.doFilter(CompositeFilter.java:74)
	at org.springframework.security.config.annotation.web.configuration.WebMvcSecurityConfiguration$CompositeFilterChainProxy.doFilter(WebMvcSecurityConfiguration.java:240)
	at org.springframework.web.filter.DelegatingFilterProxy.invokeDelegate(DelegatingFilterProxy.java:362)
	at org.springframework.web.filter.DelegatingFilterProxy.doFilter(DelegatingFilterProxy.java:278)
	at org.apache.catalina.core.ApplicationFilterChain.internalDoFilter(ApplicationFilterChain.java:164)
	at org.apache.catalina.core.ApplicationFilterChain.doFilter(ApplicationFilterChain.java:140)
	at org.springframework.web.filter.RequestContextFilter.doFilterInternal(RequestContextFilter.java:100)
	at org.springframework.web.filter.OncePerRequestFilter.doFilter(OncePerRequestFilter.java:116)
	at org.apache.catalina.core.ApplicationFilterChain.internalDoFilter(ApplicationFilterChain.java:164)
	at org.apache.catalina.core.ApplicationFilterChain.doFilter(ApplicationFilterChain.java:140)
	at org.springframework.web.filter.FormContentFilter.doFilterInternal(FormContentFilter.java:93)
	at org.springframework.web.filter.OncePerRequestFilter.doFilter(OncePerRequestFilter.java:116)
	at org.apache.catalina.core.ApplicationFilterChain.internalDoFilter(ApplicationFilterChain.java:164)
	at org.apache.catalina.core.ApplicationFilterChain.doFilter(ApplicationFilterChain.java:140)
	at org.springframework.web.filter.CharacterEncodingFilter.doFilterInternal(CharacterEncodingFilter.java:201)
	at org.springframework.web.filter.OncePerRequestFilter.doFilter(OncePerRequestFilter.java:116)
	at org.apache.catalina.core.ApplicationFilterChain.internalDoFilter(ApplicationFilterChain.java:164)
	at org.apache.catalina.core.ApplicationFilterChain.doFilter(ApplicationFilterChain.java:140)
	at org.apache.catalina.core.StandardWrapperValve.invoke(StandardWrapperValve.java:167)
	at org.apache.catalina.core.StandardContextValve.invoke(StandardContextValve.java:90)
	at org.apache.catalina.authenticator.AuthenticatorBase.invoke(AuthenticatorBase.java:483)
	at org.apache.catalina.core.StandardHostValve.invoke(StandardHostValve.java:116)
	at org.apache.catalina.valves.ErrorReportValve.invoke(ErrorReportValve.java:93)
	at org.apache.catalina.core.StandardEngineValve.invoke(StandardEngineValve.java:74)
	at org.apache.catalina.connector.CoyoteAdapter.service(CoyoteAdapter.java:344)
	at org.apache.coyote.http11.Http11Processor.service(Http11Processor.java:398)
	at org.apache.coyote.AbstractProcessorLight.process(AbstractProcessorLight.java:63)
	at org.apache.coyote.AbstractProtocol$ConnectionHandler.process(AbstractProtocol.java:903)
	at org.apache.tomcat.util.net.NioEndpoint$SocketProcessor.doRun(NioEndpoint.java:1740)
	at org.apache.tomcat.util.net.SocketProcessorBase.run(SocketProcessorBase.java:52)
	at org.apache.tomcat.util.threads.ThreadPoolExecutor.runWorker(ThreadPoolExecutor.java:1189)
	at org.apache.tomcat.util.threads.ThreadPoolExecutor$Worker.run(ThreadPoolExecutor.java:658)
	at org.apache.tomcat.util.threads.TaskThread$WrappingRunnable.run(TaskThread.java:63)
	at java.base/java.lang.Thread.run(Thread.java:833)
2025-07-24 01:34:30 [http-nio-8081-exec-3] DEBUG o.s.web.servlet.DispatcherServlet - "ERROR" dispatch for POST "/error", parameters={masked}
2025-07-24 01:34:30 [http-nio-8081-exec-3] DEBUG o.s.w.s.m.m.a.RequestMappingHandlerMapping - Mapped to org.springframework.boot.autoconfigure.web.servlet.error.BasicErrorController#errorHtml(HttpServletRequest, HttpServletResponse)
2025-07-24 01:34:30 [http-nio-8081-exec-3] DEBUG o.s.w.s.v.ContentNegotiatingViewResolver - Selected 'text/html' given [text/html, text/html;q=0.8]
2025-07-24 01:34:30 [http-nio-8081-exec-3] DEBUG o.s.web.servlet.DispatcherServlet - Exiting from "ERROR" dispatch, status 500
2025-07-24 01:34:30 [http-nio-8081-exec-4] DEBUG o.s.web.servlet.DispatcherServlet - GET "/favicon.ico", parameters={}
2025-07-24 01:34:30 [http-nio-8081-exec-4] DEBUG o.s.w.s.h.SimpleUrlHandlerMapping - Mapped to ResourceHttpRequestHandler [classpath [META-INF/resources/], classpath [resources/], classpath [static/], classpath [public/], ServletContext [/]]
2025-07-24 01:34:30 [http-nio-8081-exec-4] DEBUG o.s.w.s.r.ResourceHttpRequestHandler - Resource not found
2025-07-24 01:34:30 [http-nio-8081-exec-4] DEBUG o.s.w.s.m.m.a.ExceptionHandlerExceptionResolver - Using @ExceptionHandler org.example.turnos.excepciones.GlobalExceptionHandler#manejarExcepcionGeneral(Exception, Model)
2025-07-24 01:34:30 [http-nio-8081-exec-4] DEBUG o.s.w.s.m.m.a.ExceptionHandlerExceptionResolver - Resolved [org.springframework.web.servlet.resource.NoResourceFoundException: No static resource favicon.ico.] to ModelAndView [view="error/errorGeneral"; model={mensajeError=Ha ocurrido un error inesperado: No static resource favicon.ico.}]
2025-07-24 01:34:30 [http-nio-8081-exec-4] DEBUG o.s.web.servlet.DispatcherServlet - Using resolved error view: ModelAndView [view="error/errorGeneral"; model={mensajeError=Ha ocurrido un error inesperado: No static resource favicon.ico.}]
2025-07-24 01:34:30 [http-nio-8081-exec-4] DEBUG o.s.w.s.v.ContentNegotiatingViewResolver - Selected '*/*' given [image/avif, image/webp, image/png, image/svg+xml, image/*;q=0.8, */*;q=0.5]
2025-07-24 01:34:30 [http-nio-8081-exec-4] DEBUG o.s.web.servlet.DispatcherServlet - Completed 200 OK
2025-07-24 01:39:06 [main] INFO  o.e.t.ProyectoSpringBootOO2Application - Starting ProyectoSpringBootOO2Application using Java 17.0.4.1 with PID 3668 (B:\UNLA\3º Año\- Orientación a Objetos 2\Spring\ProyectoSpringBootOO2\target\classes started by Franco in B:\UNLA\3º Año\- Orientación a Objetos 2\Spring\ProyectoSpringBootOO2)
2025-07-24 01:39:06 [main] INFO  o.e.t.ProyectoSpringBootOO2Application - No active profile set, falling back to 1 default profile: "default"
2025-07-24 01:39:07 [main] INFO  o.s.d.r.c.RepositoryConfigurationDelegate - Bootstrapping Spring Data JPA repositories in DEFAULT mode.
2025-07-24 01:39:08 [main] INFO  o.s.d.r.c.RepositoryConfigurationDelegate - Finished Spring Data repository scanning in 87 ms. Found 8 JPA repository interfaces.
2025-07-24 01:39:08 [main] INFO  o.s.b.w.e.tomcat.TomcatWebServer - Tomcat initialized with port 8081 (http)
2025-07-24 01:39:08 [main] INFO  o.a.catalina.core.StandardService - Starting service [Tomcat]
2025-07-24 01:39:08 [main] INFO  o.a.catalina.core.StandardEngine - Starting Servlet engine: [Apache Tomcat/10.1.41]
2025-07-24 01:39:08 [main] INFO  o.a.c.c.C.[Tomcat].[localhost].[/] - Initializing Spring embedded WebApplicationContext
2025-07-24 01:39:08 [main] INFO  o.s.b.w.s.c.ServletWebServerApplicationContext - Root WebApplicationContext: initialization completed in 1948 ms
2025-07-24 01:39:09 [main] INFO  o.s.o.j.p.SpringPersistenceUnitInfo - No LoadTimeWeaver setup: ignoring JPA class transformer
2025-07-24 01:39:09 [main] INFO  com.zaxxer.hikari.HikariDataSource - HikariPool-1 - Starting...
2025-07-24 01:39:09 [main] INFO  com.zaxxer.hikari.pool.HikariPool - HikariPool-1 - Added connection com.mysql.cj.jdbc.ConnectionImpl@6d4502ca
2025-07-24 01:39:09 [main] INFO  com.zaxxer.hikari.HikariDataSource - HikariPool-1 - Start completed.
2025-07-24 01:39:10 [main] INFO  o.s.o.j.LocalContainerEntityManagerFactoryBean - Initialized JPA EntityManagerFactory for persistence unit 'default'
2025-07-24 01:39:11 [main] INFO  o.s.d.j.r.query.QueryEnhancerFactory - Hibernate is in classpath; If applicable, HQL parser will be used.
2025-07-24 01:39:12 [main] WARN  o.s.b.a.o.j.JpaBaseConfiguration$JpaWebConfiguration - spring.jpa.open-in-view is enabled by default. Therefore, database queries may be performed during view rendering. Explicitly configure spring.jpa.open-in-view to disable this warning
2025-07-24 01:39:12 [main] INFO  o.s.s.c.a.a.c.InitializeUserDetailsBeanManagerConfigurer$InitializeUserDetailsManagerConfigurer - Global AuthenticationManager configured with UserDetailsService bean with name customUserDetailsService
2025-07-24 01:39:12 [main] DEBUG o.s.w.s.m.m.a.RequestMappingHandlerMapping - 73 mappings in 'requestMappingHandlerMapping'
2025-07-24 01:39:12 [main] DEBUG o.s.w.s.h.SimpleUrlHandlerMapping - Patterns [/webjars/**, /**] in 'resourceHandlerMapping'
2025-07-24 01:39:12 [main] DEBUG o.s.w.s.m.m.a.RequestMappingHandlerAdapter - ControllerAdvice beans: 0 @ModelAttribute, 0 @InitBinder, 1 RequestBodyAdvice, 1 ResponseBodyAdvice
2025-07-24 01:39:12 [main] DEBUG o.s.w.s.m.m.a.ExceptionHandlerExceptionResolver - ControllerAdvice beans: 1 @ExceptionHandler, 1 ResponseBodyAdvice
2025-07-24 01:39:12 [main] INFO  o.s.b.w.e.tomcat.TomcatWebServer - Tomcat started on port 8081 (http) with context path '/'
2025-07-24 01:39:12 [main] INFO  o.e.t.ProyectoSpringBootOO2Application - Started ProyectoSpringBootOO2Application in 6.816 seconds (process running for 7.223)
2025-07-24 02:17:08 [http-nio-8081-exec-1] INFO  o.a.c.c.C.[Tomcat].[localhost].[/] - Initializing Spring DispatcherServlet 'dispatcherServlet'
2025-07-24 02:17:08 [http-nio-8081-exec-1] INFO  o.s.web.servlet.DispatcherServlet - Initializing Servlet 'dispatcherServlet'
2025-07-24 02:17:08 [http-nio-8081-exec-1] DEBUG o.s.web.servlet.DispatcherServlet - Detected StandardServletMultipartResolver
2025-07-24 02:17:08 [http-nio-8081-exec-1] DEBUG o.s.web.servlet.DispatcherServlet - Detected AcceptHeaderLocaleResolver
2025-07-24 02:17:08 [http-nio-8081-exec-1] DEBUG o.s.web.servlet.DispatcherServlet - Detected FixedThemeResolver
2025-07-24 02:17:08 [http-nio-8081-exec-1] DEBUG o.s.web.servlet.DispatcherServlet - Detected org.springframework.web.servlet.view.DefaultRequestToViewNameTranslator@75e355e
2025-07-24 02:17:08 [http-nio-8081-exec-1] DEBUG o.s.web.servlet.DispatcherServlet - Detected org.springframework.web.servlet.support.SessionFlashMapManager@6d82a9bb
2025-07-24 02:17:08 [http-nio-8081-exec-1] DEBUG o.s.web.servlet.DispatcherServlet - enableLoggingRequestDetails='false': request parameters and headers will be masked to prevent unsafe logging of potentially sensitive data
2025-07-24 02:17:08 [http-nio-8081-exec-1] INFO  o.s.web.servlet.DispatcherServlet - Completed initialization in 4 ms
2025-07-24 02:17:08 [http-nio-8081-exec-2] DEBUG o.s.web.servlet.DispatcherServlet - GET "/login", parameters={}
2025-07-24 02:17:08 [http-nio-8081-exec-2] DEBUG o.s.w.s.m.m.a.RequestMappingHandlerMapping - Mapped to org.example.turnos.controlador.LoginController#mostrarLogin(String, String, Model)
2025-07-24 02:17:08 [http-nio-8081-exec-2] DEBUG o.s.w.s.v.ContentNegotiatingViewResolver - Selected 'text/html' given [text/html, application/xhtml+xml, application/xml;q=0.9, */*;q=0.8]
2025-07-24 02:17:09 [http-nio-8081-exec-2] DEBUG o.s.web.servlet.DispatcherServlet - Completed 200 OK
2025-07-24 02:17:09 [http-nio-8081-exec-4] DEBUG o.s.web.servlet.DispatcherServlet - GET "/login", parameters={}
2025-07-24 02:17:09 [http-nio-8081-exec-4] DEBUG o.s.w.s.m.m.a.RequestMappingHandlerMapping - Mapped to org.example.turnos.controlador.LoginController#mostrarLogin(String, String, Model)
2025-07-24 02:17:09 [http-nio-8081-exec-4] DEBUG o.s.w.s.v.ContentNegotiatingViewResolver - Selected '*/*' given [image/avif, image/webp, image/png, image/svg+xml, image/*;q=0.8, */*;q=0.5]
2025-07-24 02:17:09 [http-nio-8081-exec-4] DEBUG o.s.web.servlet.DispatcherServlet - Completed 200 OK
2025-07-24 02:17:10 [http-nio-8081-exec-7] DEBUG o.s.web.servlet.DispatcherServlet - GET "/", parameters={}
2025-07-24 02:17:10 [http-nio-8081-exec-7] DEBUG o.s.w.s.m.m.a.RequestMappingHandlerMapping - Mapped to org.example.turnos.controlador.HomeController#index()
2025-07-24 02:17:10 [http-nio-8081-exec-7] DEBUG o.s.w.s.v.ContentNegotiatingViewResolver - Selected 'text/html' given [text/html, application/xhtml+xml, application/xml;q=0.9, */*;q=0.8]
2025-07-24 02:17:10 [http-nio-8081-exec-7] DEBUG o.s.web.servlet.DispatcherServlet - Completed 200 OK
2025-07-24 02:17:11 [http-nio-8081-exec-6] DEBUG o.s.web.servlet.DispatcherServlet - GET "/css/home.css", parameters={}
2025-07-24 02:17:11 [http-nio-8081-exec-6] DEBUG o.s.w.s.h.SimpleUrlHandlerMapping - Mapped to ResourceHttpRequestHandler [classpath [META-INF/resources/], classpath [resources/], classpath [static/], classpath [public/], ServletContext [/]]
2025-07-24 02:17:11 [http-nio-8081-exec-6] DEBUG o.s.web.servlet.DispatcherServlet - Completed 200 OK
2025-07-24 02:17:11 [http-nio-8081-exec-8] DEBUG o.s.web.servlet.DispatcherServlet - GET "/login", parameters={}
2025-07-24 02:17:11 [http-nio-8081-exec-8] DEBUG o.s.w.s.m.m.a.RequestMappingHandlerMapping - Mapped to org.example.turnos.controlador.LoginController#mostrarLogin(String, String, Model)
2025-07-24 02:17:11 [http-nio-8081-exec-8] DEBUG o.s.w.s.v.ContentNegotiatingViewResolver - Selected '*/*' given [image/avif, image/webp, image/png, image/svg+xml, image/*;q=0.8, */*;q=0.5]
2025-07-24 02:17:11 [http-nio-8081-exec-8] DEBUG o.s.web.servlet.DispatcherServlet - Completed 200 OK
2025-07-24 02:17:13 [http-nio-8081-exec-9] DEBUG o.s.web.servlet.DispatcherServlet - GET "/turnos/formulario", parameters={}
2025-07-24 02:17:13 [http-nio-8081-exec-9] DEBUG o.s.w.s.m.m.a.RequestMappingHandlerMapping - Mapped to org.example.turnos.controlador.TurnoControlador#mostrarFormulario()
2025-07-24 02:17:13 [http-nio-8081-exec-9] DEBUG o.s.w.s.v.ContentNegotiatingViewResolver - Selected 'text/html' given [text/html, application/xhtml+xml, application/xml;q=0.9, */*;q=0.8]
2025-07-24 02:17:13 [http-nio-8081-exec-9] DEBUG o.s.web.servlet.DispatcherServlet - Completed 200 OK
2025-07-24 02:17:13 [http-nio-8081-exec-10] DEBUG o.s.web.servlet.DispatcherServlet - GET "/css/general.css", parameters={}
2025-07-24 02:17:13 [http-nio-8081-exec-10] DEBUG o.s.w.s.h.SimpleUrlHandlerMapping - Mapped to ResourceHttpRequestHandler [classpath [META-INF/resources/], classpath [resources/], classpath [static/], classpath [public/], ServletContext [/]]
2025-07-24 02:17:13 [http-nio-8081-exec-10] DEBUG o.s.web.servlet.DispatcherServlet - Completed 200 OK
2025-07-24 02:17:45 [http-nio-8081-exec-1] DEBUG o.s.web.servlet.DispatcherServlet - POST "/turnos/agregar", parameters={masked}
2025-07-24 02:17:45 [http-nio-8081-exec-1] DEBUG o.s.w.s.m.m.a.RequestMappingHandlerMapping - Mapped to org.example.turnos.controlador.TurnoControlador#agregarTurno(TurnoDTO, Model)
2025-07-24 02:17:45 [http-nio-8081-exec-1] ERROR o.h.e.jdbc.spi.SqlExceptionHelper - Duplicate entry '1' for key 'UKqu8lie0k754aebpdnsf8pb2gk'
2025-07-24 02:17:45 [http-nio-8081-exec-1] DEBUG o.s.w.s.m.m.a.ExceptionHandlerExceptionResolver - Using @ExceptionHandler org.example.turnos.excepciones.GlobalExceptionHandler#manejarMiExcepcionPersonalizada(MiExcepcionPersonalizada, Model)
2025-07-24 02:17:45 [http-nio-8081-exec-1] DEBUG o.s.w.s.m.m.a.ExceptionHandlerExceptionResolver - Resolved [org.example.turnos.excepciones.MiExcepcionPersonalizada: No se pudo agregar el turno: could not execute statement [Duplicate entry '1' for key 'UKqu8lie0k754aebpdnsf8pb2gk'] [insert into Turno (cliente_id,duracionMinutos,empleado_id,fechaHoraInicio,lugar_id,presencial,servicio_idServicio) values (?,?,?,?,?,?,?)]; SQL [insert into Turno (cliente_id,duracionMinutos,empleado_id,fechaHoraInicio,lugar_id,presencial,servicio_idServicio) values (?,?,?,?,?,?,?)]; constraint [UKqu8lie0k754aebpdnsf8pb2gk]] to ModelAndView [view="error/errorPersonalizado"; model={mensajeError=No se pudo agregar el turno: could not execute statement [Duplicate entry '1' for key 'UKqu8lie0k754aebpdnsf8pb2gk'] [insert into Turno (cliente_id,duracionMinutos,empleado_id,fechaHoraInicio,lugar_id,presencial,servicio_idServicio) values (?,?,?,?,?,?,?)]; SQL [insert into Turno (cliente_id,duracionMinutos,empleado_id,fechaHoraInicio,lugar_id,presencial,servicio_idServicio) values (?,?,?,?,?,?,?)]; constraint [UKqu8lie0k754aebpdnsf8pb2gk]}]
2025-07-24 02:17:45 [http-nio-8081-exec-1] DEBUG o.s.web.servlet.DispatcherServlet - Using resolved error view: ModelAndView [view="error/errorPersonalizado"; model={mensajeError=No se pudo agregar el turno: could not execute statement [Duplicate entry '1' for key 'UKqu8lie0k754aebpdnsf8pb2gk'] [insert into Turno (cliente_id,duracionMinutos,empleado_id,fechaHoraInicio,lugar_id,presencial,servicio_idServicio) values (?,?,?,?,?,?,?)]; SQL [insert into Turno (cliente_id,duracionMinutos,empleado_id,fechaHoraInicio,lugar_id,presencial,servicio_idServicio) values (?,?,?,?,?,?,?)]; constraint [UKqu8lie0k754aebpdnsf8pb2gk]}]
2025-07-24 02:17:45 [http-nio-8081-exec-1] DEBUG o.s.w.s.v.ContentNegotiatingViewResolver - Selected 'text/html' given [text/html, application/xhtml+xml, application/xml;q=0.9, */*;q=0.8]
2025-07-24 02:17:45 [http-nio-8081-exec-1] DEBUG o.s.web.servlet.DispatcherServlet - Completed 200 OK
2025-07-24 02:17:45 [http-nio-8081-exec-2] DEBUG o.s.web.servlet.DispatcherServlet - GET "/css/error.css", parameters={}
2025-07-24 02:17:45 [http-nio-8081-exec-2] DEBUG o.s.w.s.h.SimpleUrlHandlerMapping - Mapped to ResourceHttpRequestHandler [classpath [META-INF/resources/], classpath [resources/], classpath [static/], classpath [public/], ServletContext [/]]
2025-07-24 02:17:45 [http-nio-8081-exec-2] DEBUG o.s.web.servlet.DispatcherServlet - Completed 200 OK
2025-07-24 02:17:45 [http-nio-8081-exec-3] DEBUG o.s.web.servlet.DispatcherServlet - GET "/favicon.ico", parameters={}
2025-07-24 02:17:45 [http-nio-8081-exec-3] DEBUG o.s.w.s.h.SimpleUrlHandlerMapping - Mapped to ResourceHttpRequestHandler [classpath [META-INF/resources/], classpath [resources/], classpath [static/], classpath [public/], ServletContext [/]]
2025-07-24 02:17:45 [http-nio-8081-exec-3] DEBUG o.s.w.s.r.ResourceHttpRequestHandler - Resource not found
2025-07-24 02:17:45 [http-nio-8081-exec-3] DEBUG o.s.w.s.m.m.a.ExceptionHandlerExceptionResolver - Using @ExceptionHandler org.example.turnos.excepciones.GlobalExceptionHandler#manejarExcepcionGeneral(Exception, Model)
2025-07-24 02:17:45 [http-nio-8081-exec-3] DEBUG o.s.w.s.m.m.a.ExceptionHandlerExceptionResolver - Resolved [org.springframework.web.servlet.resource.NoResourceFoundException: No static resource favicon.ico.] to ModelAndView [view="error/errorGeneral"; model={mensajeError=Ha ocurrido un error inesperado: No static resource favicon.ico.}]
2025-07-24 02:17:45 [http-nio-8081-exec-3] DEBUG o.s.web.servlet.DispatcherServlet - Using resolved error view: ModelAndView [view="error/errorGeneral"; model={mensajeError=Ha ocurrido un error inesperado: No static resource favicon.ico.}]
2025-07-24 02:17:45 [http-nio-8081-exec-3] DEBUG o.s.w.s.v.ContentNegotiatingViewResolver - Selected '*/*' given [image/avif, image/webp, image/png, image/svg+xml, image/*;q=0.8, */*;q=0.5]
2025-07-24 02:17:45 [http-nio-8081-exec-3] DEBUG o.s.web.servlet.DispatcherServlet - Completed 200 OK
2025-07-24 02:17:59 [http-nio-8081-exec-4] DEBUG o.s.web.servlet.DispatcherServlet - GET "/", parameters={}
2025-07-24 02:17:59 [http-nio-8081-exec-4] DEBUG o.s.w.s.m.m.a.RequestMappingHandlerMapping - Mapped to org.example.turnos.controlador.HomeController#index()
2025-07-24 02:17:59 [http-nio-8081-exec-4] DEBUG o.s.w.s.v.ContentNegotiatingViewResolver - Selected 'text/html' given [text/html, application/xhtml+xml, application/xml;q=0.9, */*;q=0.8]
2025-07-24 02:17:59 [http-nio-8081-exec-4] DEBUG o.s.web.servlet.DispatcherServlet - Completed 200 OK
2025-07-24 02:17:59 [http-nio-8081-exec-5] DEBUG o.s.web.servlet.DispatcherServlet - GET "/css/home.css", parameters={}
2025-07-24 02:17:59 [http-nio-8081-exec-5] DEBUG o.s.w.s.h.SimpleUrlHandlerMapping - Mapped to ResourceHttpRequestHandler [classpath [META-INF/resources/], classpath [resources/], classpath [static/], classpath [public/], ServletContext [/]]
2025-07-24 02:17:59 [http-nio-8081-exec-5] DEBUG o.s.web.servlet.DispatcherServlet - Completed 200 OK
2025-07-24 02:17:59 [http-nio-8081-exec-7] DEBUG o.s.web.servlet.DispatcherServlet - GET "/favicon.ico", parameters={}
2025-07-24 02:17:59 [http-nio-8081-exec-7] DEBUG o.s.w.s.h.SimpleUrlHandlerMapping - Mapped to ResourceHttpRequestHandler [classpath [META-INF/resources/], classpath [resources/], classpath [static/], classpath [public/], ServletContext [/]]
2025-07-24 02:17:59 [http-nio-8081-exec-7] DEBUG o.s.w.s.r.ResourceHttpRequestHandler - Resource not found
2025-07-24 02:17:59 [http-nio-8081-exec-7] DEBUG o.s.w.s.m.m.a.ExceptionHandlerExceptionResolver - Using @ExceptionHandler org.example.turnos.excepciones.GlobalExceptionHandler#manejarExcepcionGeneral(Exception, Model)
2025-07-24 02:17:59 [http-nio-8081-exec-7] DEBUG o.s.w.s.m.m.a.ExceptionHandlerExceptionResolver - Resolved [org.springframework.web.servlet.resource.NoResourceFoundException: No static resource favicon.ico.] to ModelAndView [view="error/errorGeneral"; model={mensajeError=Ha ocurrido un error inesperado: No static resource favicon.ico.}]
2025-07-24 02:17:59 [http-nio-8081-exec-7] DEBUG o.s.web.servlet.DispatcherServlet - Using resolved error view: ModelAndView [view="error/errorGeneral"; model={mensajeError=Ha ocurrido un error inesperado: No static resource favicon.ico.}]
2025-07-24 02:17:59 [http-nio-8081-exec-7] DEBUG o.s.w.s.v.ContentNegotiatingViewResolver - Selected '*/*' given [image/avif, image/webp, image/png, image/svg+xml, image/*;q=0.8, */*;q=0.5]
2025-07-24 02:17:59 [http-nio-8081-exec-7] DEBUG o.s.web.servlet.DispatcherServlet - Completed 200 OK
2025-07-24 02:18:27 [http-nio-8081-exec-6] DEBUG o.s.web.servlet.DispatcherServlet - GET "/turnos/formulario", parameters={}
2025-07-24 02:18:27 [http-nio-8081-exec-6] DEBUG o.s.w.s.m.m.a.RequestMappingHandlerMapping - Mapped to org.example.turnos.controlador.TurnoControlador#mostrarFormulario()
2025-07-24 02:18:27 [http-nio-8081-exec-6] DEBUG o.s.w.s.v.ContentNegotiatingViewResolver - Selected 'text/html' given [text/html, application/xhtml+xml, application/xml;q=0.9, */*;q=0.8]
2025-07-24 02:18:27 [http-nio-8081-exec-6] DEBUG o.s.web.servlet.DispatcherServlet - Completed 200 OK
2025-07-24 02:18:27 [http-nio-8081-exec-8] DEBUG o.s.web.servlet.DispatcherServlet - GET "/css/general.css", parameters={}
2025-07-24 02:18:27 [http-nio-8081-exec-8] DEBUG o.s.w.s.h.SimpleUrlHandlerMapping - Mapped to ResourceHttpRequestHandler [classpath [META-INF/resources/], classpath [resources/], classpath [static/], classpath [public/], ServletContext [/]]
2025-07-24 02:18:27 [http-nio-8081-exec-8] DEBUG o.s.web.servlet.DispatcherServlet - Completed 200 OK
